brand,model,engine_cc,age_months,km_driven,owners,condition,launch_price,price
KTM,390 Duke,399,93,105370,1,Poor,281820,46587
Honda,Shine,123,40,36745,1,Fair,127140,49392
TVS,Apache RTR 160,159,8,7576,2,Excellent,118620,99423
KTM,Duke 250,249,14,9064,1,Good,254820,189781
Royal Enfield,Classic 350,349,47,44726,1,Good,242820,88585
TVS,Apache RTR 200 4V,197,46,31577,2,Excellent,125460,49830
TVS,Apache RTR 160,159,36,21838,2,Fair,118620,48675
Hero,Splendor Plus,97,4,3106,1,Good,97460,83959
Bajaj,Pulsar 125,125,21,13754,1,Good,122500,81318
Yamaha,FZ-FI,149,70,83719,3,Fair,141820,25149
Yamaha,R15 V4,155,18,16680,1,Good,142900,98889
Yamaha,R15 V4,155,96,106499,1,Poor,142900,23563
TVS,Apache RTR 160,159,73,40634,1,Poor,118620,22428
TVS,Sport,109,31,20874,4,Good,109620,47027
Honda,Shine,123,13,6798,2,Good,127140,90666
Triumph,Speed 400,398,71,88100,2,Fair,311640,59156
Honda,Hornet 2.0,184,49,24608,4,Good,138120,38602
Honda,Shine,123,16,11446,2,Excellent,127140,94575
Hero,HF Deluxe,97,26,15989,1,Excellent,97460,65122
Hero,Splendor Plus,97,69,38901,2,Good,97460,23258
TVS,Sport,109,21,24328,1,Excellent,109620,78405
Royal Enfield,Hunter 350,349,26,27431,1,Excellent,242820,158811
Suzuki,V-Strom SX,249,92,109110,1,Fair,149820,28894
Yamaha,R15 V4,155,18,14529,2,Excellent,142900,102557
Suzuki,Gixxer,155,38,28909,1,Good,132900,62367
Bajaj,Pulsar NS200,199,63,50969,1,Good,135820,33677
TVS,Sport,109,11,11412,1,Excellent,109620,93195
Honda,SP 125,124,24,22587,1,Excellent,127320,86966
Yamaha,FZ-FI,149,85,94088,1,Poor,141820,24031
BMW,G 310 R,313,23,22606,1,Good,406340,256819
KTM,Duke 250,249,62,41340,1,Good,254820,64389
Suzuki,Gixxer,155,39,26892,2,Excellent,132900,63243
TVS,Radeon,109,2,1476,2,Excellent,109620,100302
KTM,RC 200,199,57,50685,1,Fair,245820,56473
Royal Enfield,Himalayan,452,88,44264,2,Poor,261360,46125
KTM,390 Duke,399,90,66737,1,Poor,281820,50585
Royal Enfield,Classic 350,349,10,7983,2,Excellent,242820,197974
TVS,Sport,109,18,10711,1,Good,109620,76699
TVS,Sport,109,52,54560,1,Good,109620,33824
Yamaha,FZ-FI,149,77,66037,1,Poor,141820,25492
Honda,Shine,123,54,64494,1,Fair,127140,31646
TVS,Sport,109,72,85923,2,Fair,109620,20905
KTM,Duke 200,199,61,59288,1,Fair,245820,52700
Suzuki,V-Strom SX,249,57,60989,1,Fair,149820,33716
Honda,Shine,123,84,88958,2,Poor,127140,20476
KTM,RC 200,199,79,95969,2,Fair,245820,45877
TVS,Sport,109,71,87028,3,Good,109620,21957
KTM,Duke 250,249,86,88251,1,Poor,254820,43725
TVS,Radeon,109,2,2257,1,Excellent,109620,106554
BMW,G 310 R,313,71,55413,4,Fair,406340,68479
TVS,Sport,109,34,20032,1,Fair,109620,50044
Honda,Shine,123,70,86183,1,Good,127140,29324
Yamaha,FZ-FI,149,63,48615,2,Fair,141820,29194
Royal Enfield,Classic 350,349,64,62601,1,Fair,242820,51710
Honda,SP 125,124,23,23166,3,Excellent,127320,76852
TVS,Sport,109,43,36086,2,Excellent,109620,46633
Hero,Splendor Plus,97,61,64315,1,Fair,97460,20682
Yamaha,MT-15,155,86,73548,1,Fair,142900,29755
Triumph,Speed 400,398,54,46865,1,Fair,311640,80354
KTM,390 Duke,399,27,28937,2,Excellent,281820,169752
TVS,Sport,109,33,16588,1,Good,109620,58452
Bajaj,Pulsar NS200,199,96,99225,2,Fair,135820,25168
Triumph,Speed 400,398,18,18695,2,Good,311640,201963
TVS,Radeon,109,31,17625,1,Good,109620,60658
Hero,Splendor Plus,97,84,98748,2,Poor,97460,15367
Honda,SP 125,124,93,89174,3,Fair,127320,22317
BMW,G 310 R,313,24,27758,4,Good,406340,195094
KTM,390 Duke,399,31,31224,2,Good,281820,142882
Yamaha,FZ-FI,149,50,33922,2,Fair,141820,40054
Suzuki,V-Strom SX,249,69,37062,2,Fair,149820,31544
TVS,Radeon,109,38,28229,4,Excellent,109620,44150
Royal Enfield,Meteor 350,349,85,74910,1,Fair,242820,50418
Bajaj,Pulsar 125,125,15,8550,1,Excellent,122500,98904
Honda,SP 125,124,47,52098,2,Good,127320,43031
KTM,Duke 200,199,17,14204,1,Excellent,245820,190669
Royal Enfield,Himalayan,452,11,11621,1,Excellent,261360,222115
Triumph,Speed 400,398,82,45551,2,Fair,311640,64541
Bajaj,Pulsar 150,149,30,21649,1,Good,126820,70981
TVS,Sport,109,56,52955,2,Fair,109620,24461
Honda,Hornet 2.0,184,2,1097,1,Excellent,138120,134538
Bajaj,Pulsar NS200,199,95,65170,2,Fair,135820,27046
KTM,390 Duke,399,36,30779,1,Good,281820,137596
TVS,Sport,109,17,17320,1,Excellent,109620,84537
Hero,Passion Pro,110,94,73020,2,Fair,99800,19555
Royal Enfield,Classic 350,349,69,57229,1,Good,242820,59461
TVS,Apache RTR 200 4V,197,65,53550,1,Good,125460,30949
KTM,RC 200,199,61,60917,2,Fair,245820,49376
Bajaj,Dominar 400,373,80,99744,1,Fair,167140,32911
TVS,Apache RTR 200 4V,197,24,19391,1,Good,125460,78450
Hero,Splendor Plus,97,1,1184,3,Excellent,97460,83594
TVS,Apache RTR 160,159,9,5241,1,Excellent,118620,104810
TVS,Sport,109,72,44579,2,Fair,109620,22745
TVS,Apache RTR 160,159,76,80354,1,Fair,118620,24351
Bajaj,Pulsar NS200,199,81,99201,1,Poor,135820,22759
KTM,RC 200,199,29,30293,1,Good,245820,137897
Bajaj,Dominar 400,373,91,107571,2,Fair,167140,30405
Honda,Hornet 2.0,184,70,67089,1,Good,138120,33153
Royal Enfield,Himalayan,452,61,75166,1,Fair,261360,54239
Royal Enfield,Hunter 350,349,10,8223,1,Excellent,242820,210518
Hero,Passion Pro,110,9,4667,2,Excellent,99800,82977
BMW,G 310 R,313,11,10381,4,Excellent,406340,269967
Honda,Shine,123,55,63394,1,Fair,127140,30635
Bajaj,Pulsar 125,125,8,5885,3,Excellent,122500,95323
TVS,Radeon,109,42,52450,1,Good,109620,44806
BMW,G 310 R,313,88,90540,2,Fair,406340,76730
KTM,390 Duke,399,2,2426,2,Excellent,281820,257423
BMW,G 310 R,313,75,88718,1,Fair,406340,81948
Suzuki,Gixxer,155,77,68152,1,Fair,132900,27983
Hero,HF Deluxe,97,25,12817,2,Good,97460,57010
Bajaj,Pulsar 150,149,72,76073,1,Fair,126820,26269
KTM,390 Duke,399,20,18795,3,Good,281820,163832
Bajaj,Pulsar NS200,199,35,38391,1,Good,135820,66732
Royal Enfield,Hunter 350,349,3,3241,4,Good,242820,165179
Yamaha,MT-15,155,76,62728,2,Poor,142900,24308
Hero,HF Deluxe,97,36,21938,2,Excellent,97460,49981
Hero,HF Deluxe,97,46,37255,3,Good,97460,32249
Bajaj,Pulsar 150,149,73,71310,1,Poor,126820,22550
KTM,RC 200,199,2,1646,3,Excellent,245820,208112
TVS,Apache RTR 160,159,15,10477,1,Excellent,118620,95434
Triumph,Speed 400,398,10,7918,3,Good,311640,214023
Bajaj,Pulsar 125,125,75,37676,2,Fair,122500,25761
KTM,RC 200,199,93,51647,2,Fair,245820,50301
TVS,Apache RTR 200 4V,197,73,41833,3,Fair,125460,24223
KTM,Duke 250,249,32,27933,1,Fair,254820,119261
KTM,Duke 200,199,37,29656,2,Good,245820,110671
Honda,Shine,123,81,79681,3,Poor,127140,19328
TVS,Sport,109,80,65456,2,Fair,109620,21816
Honda,SP 125,124,7,4473,2,Good,127320,98957
Yamaha,MT-15,155,46,37800,4,Fair,142900,37229
Royal Enfield,Hunter 350,349,96,66911,1,Fair,242820,51257
Triumph,Speed 400,398,95,87013,1,Fair,311640,63079
BMW,G 310 R,313,70,51043,2,Fair,406340,83247
TVS,Apache RTR 160,159,8,5659,2,Excellent,118620,99771
Hero,Splendor Plus,97,92,95684,2,Poor,97460,15470
TVS,Apache RTR 200 4V,197,64,45036,1,Good,125460,31474
Hero,Passion Pro,110,51,55267,2,Fair,99800,26222
Bajaj,Dominar 400,373,59,36640,1,Fair,167140,37468
Honda,Shine,123,10,5734,1,Excellent,127140,110728
Royal Enfield,Meteor 350,349,96,51302,4,Fair,242820,41258
Hero,Splendor Plus,97,77,76555,1,Fair,97460,20167
Royal Enfield,Himalayan,452,33,23486,3,Excellent,261360,131533
Honda,SP 125,124,17,18222,2,Excellent,127320,92141
Bajaj,Pulsar NS200,199,11,11028,1,Good,135820,105151
Yamaha,FZ-FI,149,48,54112,2,Excellent,141820,51018
Royal Enfield,Meteor 350,349,75,72186,1,Fair,242820,50704
TVS,Sport,109,19,19106,1,Excellent,109620,81716
Suzuki,Gixxer,155,61,46316,2,Fair,132900,27482
Bajaj,Pulsar NS200,199,34,25867,2,Good,135820,65576
Royal Enfield,Meteor 350,349,1,1000,1,Good,242820,217921
BMW,G 310 R,313,16,15404,2,Good,406340,273060
Bajaj,Pulsar NS200,199,80,80343,2,Fair,135820,26209
Honda,SP 125,124,1,1000,1,Excellent,127320,125565
Suzuki,Gixxer,155,8,5742,1,Good,132900,108198
Royal Enfield,Himalayan,452,45,39036,2,Good,261360,95614
KTM,RC 200,199,1,1000,1,Excellent,245820,242432
Honda,Shine,123,45,40293,1,Excellent,127140,54242
Yamaha,R15 V4,155,40,43450,2,Good,142900,58591
Honda,Hornet 2.0,184,53,36752,1,Good,138120,42724
TVS,Apache RTR 160,159,52,50242,2,Fair,118620,30506
Bajaj,Dominar 400,373,32,21080,1,Excellent,167140,99051
Bajaj,Pulsar NS200,199,46,50227,1,Fair,135820,44276
BMW,G 310 R,313,72,54146,4,Fair,406340,68653
BMW,G 310 R,313,76,73315,1,Fair,406340,84651
KTM,390 Duke,399,37,43925,2,Good,281820,123436
Royal Enfield,Meteor 350,349,6,5390,2,Excellent,242820,209761
BMW,G 310 R,313,85,50748,4,Fair,406340,69118
Yamaha,MT-15,155,59,42164,2,Fair,142900,29791
KTM,RC 200,199,60,55881,1,Fair,245820,53062
Yamaha,MT-15,155,78,64795,1,Fair,142900,30296
Suzuki,Gixxer,155,49,51131,2,Fair,132900,37385
Honda,SP 125,124,12,14221,2,Excellent,127320,99824
Triumph,Speed 400,398,28,21632,2,Fair,311640,149551
Triumph,Speed 400,398,76,61300,1,Fair,311640,66540
Royal Enfield,Himalayan,452,1,1000,1,Good,261360,234560
Yamaha,FZ-FI,149,38,40840,3,Good,141820,56589
Hero,HF Deluxe,97,51,58910,2,Fair,97460,25421
TVS,Apache RTR 200 4V,197,13,8763,1,Excellent,125460,104218
Royal Enfield,Hunter 350,349,66,65389,2,Fair,242820,48332
Hero,HF Deluxe,97,22,19153,1,Excellent,97460,69257
Honda,Shine,123,52,39595,1,Fair,127140,35518
Yamaha,R15 V4,155,38,44584,1,Fair,142900,57199
Honda,Shine,123,41,35884,1,Good,127140,54977
TVS,Sport,109,7,4260,2,Good,109620,85233
Bajaj,Pulsar NS200,199,92,91004,2,Fair,135820,25621
Suzuki,Gixxer,155,82,57181,3,Fair,132900,24893
Yamaha,MT-15,155,59,29630,2,Fair,142900,30518
Suzuki,Gixxer,155,6,4574,2,Excellent,132900,114976
Suzuki,V-Strom SX,249,30,19022,1,Fair,149820,74081
Royal Enfield,Himalayan,452,66,49248,2,Fair,261360,53735
Yamaha,R15 V4,155,82,101381,1,Poor,142900,23831
Bajaj,Dominar 400,373,94,107371,2,Poor,167140,25856
Yamaha,R15 V4,155,2,1708,1,Good,142900,126527
Yamaha,R15 V4,155,64,43138,2,Fair,142900,29734
KTM,Duke 250,249,32,19537,1,Fair,254820,121159
KTM,RC 200,199,62,74098,1,Good,245820,58158
Hero,HF Deluxe,97,70,73733,1,Good,97460,23075
Royal Enfield,Hunter 350,349,49,47917,1,Good,242820,83185
Honda,SP 125,124,54,46804,1,Fair,127320,32832
KTM,Duke 200,199,31,35906,2,Fair,245820,108586
Honda,Hornet 2.0,184,60,52174,3,Fair,138120,26131
TVS,Radeon,109,62,46332,2,Fair,109620,22667
Royal Enfield,Meteor 350,349,82,51602,1,Fair,242820,52863
Hero,HF Deluxe,97,56,49071,1,Good,97460,26520
Yamaha,FZ-FI,149,71,81363,1,Good,141820,33046
Royal Enfield,Himalayan,452,88,66928,2,Fair,261360,51859
TVS,Sport,109,51,48463,1,Fair,109620,31057
Honda,Shine,123,37,24428,1,Good,127140,61499
BMW,G 310 R,313,24,26060,1,Excellent,406340,275742
TVS,Apache RTR 200 4V,197,52,29825,1,Good,125460,40622
KTM,RC 200,199,57,54481,2,Good,245820,59930
Royal Enfield,Himalayan,452,12,11347,3,Excellent,261360,190664
KTM,390 Duke,399,82,85540,1,Fair,281820,57222
Suzuki,Gixxer,155,27,18690,3,Fair,132900,60425
Royal Enfield,Meteor 350,349,24,18674,4,Excellent,242820,130319
KTM,RC 200,199,7,8336,2,Good,245820,189721
Bajaj,Pulsar NS200,199,57,42508,1,Fair,135820,31708
Yamaha,FZ-FI,149,88,63448,1,Poor,141820,25627
Honda,Shine,123,1,1000,1,Excellent,127140,125388
KTM,Duke 200,199,73,78273,2,Poor,245820,40497
Royal Enfield,Meteor 350,349,94,60368,3,Poor,242820,38412
Honda,SP 125,124,23,19653,3,Good,127320,70397
KTM,Duke 200,199,95,52032,3,Fair,245820,46520
Bajaj,Pulsar NS200,199,49,40219,2,Fair,135820,39033
Triumph,Speed 400,398,33,16863,1,Good,311640,166090
Honda,Hornet 2.0,184,8,5734,4,Excellent,138120,96385
KTM,Duke 250,249,68,36372,1,Fair,254820,57152
Bajaj,Pulsar 125,125,76,52975,1,Fair,122500,26596
Honda,SP 125,124,75,41707,2,Fair,127320,26567
TVS,Apache RTR 160,159,4,3616,1,Excellent,118620,112191
Bajaj,Pulsar 125,125,35,21951,1,Good,122500,62100
Royal Enfield,Hunter 350,349,79,52394,1,Poor,242820,44863
Royal Enfield,Classic 350,349,10,7570,2,Excellent,242820,198123
Honda,Hornet 2.0,184,8,4423,2,Excellent,138120,116434
Royal Enfield,Meteor 350,349,50,60211,1,Fair,242820,69281
Royal Enfield,Hunter 350,349,11,8761,1,Good,242820,188774
Royal Enfield,Meteor 350,349,84,85535,2,Poor,242820,39394
Royal Enfield,Hunter 350,349,6,6275,4,Excellent,242820,173777
Royal Enfield,Classic 350,349,46,32674,1,Fair,242820,81908
Triumph,Speed 400,398,8,7386,2,Excellent,311640,261298
TVS,Radeon,109,35,37474,2,Good,109620,50717
TVS,Sport,109,41,42857,1,Good,109620,46765
Hero,Passion Pro,110,45,25167,2,Good,99800,37490
Hero,HF Deluxe,97,40,35880,2,Good,97460,40551
Yamaha,MT-15,155,9,6414,1,Excellent,142900,125995
Yamaha,R15 V4,155,24,28842,1,Excellent,142900,96462
Royal Enfield,Hunter 350,349,3,2868,3,Good,242820,184363
BMW,G 310 R,313,77,68913,1,Fair,406340,85424
Bajaj,Pulsar NS200,199,90,57504,1,Fair,135820,29222
Hero,Passion Pro,110,18,20092,2,Excellent,99800,70888
Bajaj,Pulsar 125,125,69,80510,1,Good,122500,28596
Honda,Shine,123,79,67268,1,Poor,127140,22796
Royal Enfield,Classic 350,349,76,67048,4,Fair,242820,39969
Bajaj,Dominar 400,373,52,51866,3,Good,167140,45109
Yamaha,FZ-FI,149,73,44953,2,Fair,141820,29405
BMW,G 310 R,313,85,46060,3,Poor,406340,66138
TVS,Sport,109,60,53688,1,Fair,109620,23766
KTM,RC 200,199,21,23962,1,Excellent,245820,175942
TVS,Sport,109,95,113722,2,Fair,109620,19667
BMW,G 310 R,313,42,41065,1,Good,406340,169848
Bajaj,Dominar 400,373,42,48991,1,Fair,167140,60472
Bajaj,Pulsar 125,125,43,29513,2,Good,122500,48022
Triumph,Speed 400,398,30,17789,2,Fair,311640,145183
KTM,390 Duke,399,11,9240,2,Excellent,281820,226118
Royal Enfield,Hunter 350,349,39,37669,3,Excellent,242820,104766
Royal Enfield,Hunter 350,349,89,80384,2,Fair,242820,46853
KTM,Duke 200,199,56,33633,1,Fair,245820,60598
Suzuki,V-Strom SX,249,9,8524,1,Excellent,149820,131588
Hero,Splendor Plus,97,45,25050,1,Good,97460,38957
TVS,Apache RTR 160,159,26,21842,2,Excellent,118620,73697
Honda,Hornet 2.0,184,77,39269,2,Poor,138120,24613
TVS,Apache RTR 200 4V,197,64,68253,1,Good,125460,30042
Suzuki,Gixxer,155,55,28495,1,Fair,132900,34294
Suzuki,V-Strom SX,249,83,67129,3,Fair,149820,27502
Royal Enfield,Classic 350,349,87,55702,1,Fair,242820,52433
TVS,Apache RTR 200 4V,197,82,86992,3,Poor,125460,18780
Bajaj,Pulsar 125,125,12,13644,2,Good,122500,87494
Yamaha,MT-15,155,69,40295,2,Good,142900,34011
TVS,Apache RTR 160,159,80,73295,2,Fair,118620,23230
KTM,RC 200,199,23,15555,1,Excellent,245820,172990
Bajaj,Pulsar 150,149,44,37153,1,Fair,126820,44684
TVS,Apache RTR 200 4V,197,90,71488,1,Poor,125460,22300
Yamaha,FZ-FI,149,61,60656,1,Fair,141820,30320
Hero,Splendor Plus,97,29,35501,1,Good,97460,54129
KTM,Duke 250,249,67,79460,1,Fair,254820,52409
Hero,HF Deluxe,97,19,14111,1,Excellent,97460,73328
Honda,Hornet 2.0,184,37,40252,1,Good,138120,64819
Honda,SP 125,124,43,25382,1,Excellent,127320,58807
Bajaj,Pulsar 125,125,19,14472,1,Good,122500,83816
KTM,Duke 250,249,89,91558,2,Fair,254820,48013
TVS,Apache RTR 160,159,68,61548,4,Fair,118620,19745
Royal Enfield,Meteor 350,349,77,47408,3,Fair,242820,46374
Hero,HF Deluxe,97,16,12707,1,Good,97460,70021
KTM,Duke 200,199,38,38906,1,Excellent,245820,124361
Royal Enfield,Meteor 350,349,47,58097,1,Excellent,242820,94798
TVS,Sport,109,40,45909,2,Good,109620,44730
Royal Enfield,Hunter 350,349,31,23756,2,Fair,242820,109769
Honda,SP 125,124,32,31465,1,Fair,127320,59189
Suzuki,V-Strom SX,249,62,51268,1,Fair,149820,32638
TVS,Apache RTR 160,159,36,29567,2,Excellent,118620,59962
Honda,Shine,123,90,97909,1,Fair,127140,25135
Suzuki,Gixxer,155,25,24896,1,Good,132900,80863
Honda,Hornet 2.0,184,20,24922,1,Good,138120,91238
Royal Enfield,Himalayan,452,17,19808,2,Excellent,261360,188587
KTM,Duke 200,199,36,38556,2,Excellent,245820,122139
Hero,HF Deluxe,97,77,77593,3,Fair,97460,17507
KTM,Duke 250,249,24,12092,1,Excellent,254820,177482
Yamaha,MT-15,155,28,15112,1,Good,142900,83997
Honda,Shine,123,2,2028,1,Excellent,127140,123635
BMW,G 310 R,313,12,12121,2,Excellent,406340,319823
Hero,Splendor Plus,97,85,80657,3,Poor,97460,15000
Honda,Shine,123,74,78237,2,Fair,127140,24643
BMW,G 310 R,313,23,20584,1,Good,406340,257793
TVS,Apache RTR 200 4V,197,14,15237,1,Good,125460,92383
KTM,RC 200,199,75,78507,1,Fair,245820,50659
Bajaj,Dominar 400,373,33,17722,1,Good,167140,88936
Royal Enfield,Hunter 350,349,82,48562,3,Fair,242820,46268
KTM,RC 200,199,94,87943,3,Fair,245820,43202
BMW,G 310 R,313,63,40156,1,Fair,406340,90472
Bajaj,Pulsar 125,125,30,30850,1,Good,122500,67382
Hero,Passion Pro,110,31,37505,2,Excellent,99800,54936
Hero,HF Deluxe,97,93,72445,1,Poor,97460,17289
Yamaha,FZ-FI,149,3,2313,3,Good,141820,107786
Honda,Shine,123,85,89676,1,Poor,127140,21749
Hero,Splendor Plus,97,30,32440,2,Excellent,97460,55208
Suzuki,Gixxer,155,19,22630,1,Excellent,132900,98419
Yamaha,FZ-FI,149,63,40998,2,Good,141820,33708
KTM,Duke 200,199,30,37219,2,Good,245820,125559
Royal Enfield,Meteor 350,349,27,20203,1,Excellent,242820,158177
Honda,Hornet 2.0,184,40,49912,1,Good,138120,59486
Royal Enfield,Meteor 350,349,60,37497,1,Good,242820,61815
Bajaj,Pulsar 150,149,75,85986,1,Poor,126820,21867
KTM,390 Duke,399,47,50944,4,Good,281820,79218
Bajaj,Pulsar 125,125,40,49523,2,Excellent,122500,54540
Hero,Passion Pro,110,81,64982,2,Fair,99800,19881
Suzuki,V-Strom SX,249,43,23187,2,Good,149820,59438
Yamaha,R15 V4,155,25,24275,1,Good,142900,87049
Bajaj,Pulsar NS200,199,51,32223,3,Fair,135820,34550
Yamaha,R15 V4,155,10,9860,1,Excellent,142900,123520
Bajaj,Dominar 400,373,5,5224,2,Excellent,167140,146296
Yamaha,R15 V4,155,96,54771,2,Poor,142900,24700
KTM,Duke 200,199,60,47787,1,Fair,245820,53922
Bajaj,Pulsar 150,149,59,31415,1,Fair,126820,28715
KTM,RC 200,199,43,30978,1,Excellent,245820,112342
KTM,Duke 200,199,27,20159,2,Excellent,245820,150535
Bajaj,Pulsar 125,125,57,43309,1,Fair,122500,28553
TVS,Apache RTR 200 4V,197,49,54785,2,Good,125460,39855
BMW,G 310 R,313,56,50478,1,Fair,406340,96935
Royal Enfield,Hunter 350,349,39,23014,2,Good,242820,105923
Royal Enfield,Hunter 350,349,22,21945,2,Excellent,242820,161356
Bajaj,Pulsar 125,125,23,15782,4,Excellent,122500,67213
Bajaj,Pulsar 150,149,55,37625,4,Fair,126820,25083
Royal Enfield,Classic 350,349,73,77632,1,Poor,242820,42613
Triumph,Speed 400,398,82,100381,3,Fair,311640,53313
Triumph,Speed 400,398,68,73806,1,Fair,311640,64857
KTM,RC 200,199,6,3392,1,Excellent,245820,226728
Honda,SP 125,124,25,26538,1,Good,127320,77228
Honda,SP 125,124,16,10854,1,Excellent,127320,100864
TVS,Apache RTR 160,159,50,38182,2,Good,118620,37797
TVS,Apache RTR 160,159,5,3539,1,Good,118620,100821
Honda,Hornet 2.0,184,31,29261,2,Good,138120,70288
Hero,HF Deluxe,97,9,9517,2,Excellent,97460,80318
TVS,Apache RTR 200 4V,197,11,13345,2,Good,125460,90914
Hero,HF Deluxe,97,13,11338,3,Excellent,97460,70102
KTM,Duke 200,199,70,37272,1,Good,245820,62606
KTM,Duke 250,249,89,90978,2,Fair,254820,48073
TVS,Radeon,109,55,46466,3,Fair,109620,23770
TVS,Apache RTR 160,159,94,77641,1,Fair,118620,24490
Yamaha,FZ-FI,149,48,45509,1,Good,141820,50237
KTM,Duke 200,199,66,57029,3,Good,245820,52391
Honda,Shine,123,55,61959,2,Good,127140,32852
Triumph,Speed 400,398,68,65957,1,Fair,311640,65913
Bajaj,Pulsar NS200,199,14,16943,1,Excellent,135820,109555
TVS,Apache RTR 160,159,37,44060,1,Good,118620,55257
Honda,SP 125,124,79,96240,4,Fair,127320,19705
TVS,Apache RTR 200 4V,197,49,35582,4,Fair,125460,30188
Triumph,Speed 400,398,33,32560,1,Good,311640,161250
Suzuki,Gixxer,155,29,29275,1,Good,132900,74697
BMW,G 310 R,313,43,49143,1,Good,406340,163137
Hero,Splendor Plus,97,76,77898,3,Poor,97460,15000
Hero,Passion Pro,110,58,34896,1,Fair,99800,22746
Hero,Passion Pro,110,64,54341,1,Good,99800,24580
Bajaj,Pulsar 150,149,21,13344,1,Excellent,126820,92582
KTM,Duke 250,249,4,3990,3,Good,254820,190678
KTM,Duke 250,249,22,18253,2,Excellent,254820,170502
Royal Enfield,Meteor 350,349,78,68542,1,Fair,242820,51086
Yamaha,FZ-FI,149,40,39546,2,Good,141820,58592
Bajaj,Dominar 400,373,64,40851,1,Good,167140,42274
Yamaha,R15 V4,155,44,28443,1,Fair,142900,51196
Hero,HF Deluxe,97,40,23411,2,Fair,97460,36504
KTM,Duke 200,199,48,39632,2,Good,245820,82796
Royal Enfield,Classic 350,349,34,24427,2,Fair,242820,103346
BMW,G 310 R,313,36,36659,1,Fair,406340,172457
Yamaha,R15 V4,155,68,67245,1,Fair,142900,30144
Bajaj,Pulsar 125,125,87,54711,1,Poor,122500,22528
Yamaha,FZ-FI,149,55,46439,3,Good,141820,34983
Honda,Shine,123,42,50948,2,Good,127140,48995
TVS,Radeon,109,33,33788,1,Excellent,109620,62183
Hero,HF Deluxe,97,91,97353,3,Fair,97460,16783
TVS,Apache RTR 160,159,94,68337,1,Poor,118620,21221
KTM,Duke 250,249,33,33515,1,Good,254820,131609
Honda,SP 125,124,83,102046,1,Fair,127320,24944
Suzuki,V-Strom SX,249,31,24961,3,Excellent,149820,78177
Honda,SP 125,124,71,35518,1,Fair,127320,28603
Yamaha,FZ-FI,149,3,2945,1,Excellent,141820,135989
Hero,HF Deluxe,97,68,67961,1,Fair,97460,20529
KTM,Duke 250,249,60,42503,1,Fair,254820,56477
Honda,Hornet 2.0,184,8,4957,2,Excellent,138120,116321
BMW,G 310 R,313,17,11142,1,Good,406340,288433
Yamaha,MT-15,155,90,48672,1,Fair,142900,31291
Bajaj,Dominar 400,373,81,96896,1,Fair,167140,33117
Suzuki,Gixxer,155,56,57813,1,Fair,132900,31243
Suzuki,V-Strom SX,249,84,67055,1,Fair,149820,31616
TVS,Apache RTR 160,159,73,83860,2,Poor,118620,19313
Suzuki,Gixxer,155,77,66817,2,Fair,132900,26376
Honda,Hornet 2.0,184,34,24228,1,Fair,138120,62560
TVS,Apache RTR 160,159,50,43242,3,Fair,118620,30453
KTM,RC 200,199,29,32448,1,Fair,245820,120730
Hero,Passion Pro,110,75,69409,2,Fair,99800,19701
TVS,Radeon,109,35,28536,1,Fair,109620,48251
Hero,HF Deluxe,97,1,1016,2,Excellent,97460,90347
KTM,390 Duke,399,49,53361,2,Fair,281820,78928
Royal Enfield,Himalayan,452,11,7949,1,Excellent,261360,223614
Bajaj,Pulsar 125,125,69,56934,1,Good,122500,30015
Triumph,Speed 400,398,85,74881,1,Poor,311640,55005
KTM,Duke 200,199,55,38710,1,Good,245820,70757
TVS,Apache RTR 200 4V,197,91,57544,3,Fair,125460,23482
TVS,Sport,109,3,3685,2,Good,109620,89793
Triumph,Speed 400,398,3,3318,2,Excellent,311640,280709
Bajaj,Pulsar 150,149,51,54789,1,Fair,126820,35482
Honda,SP 125,124,54,57942,2,Fair,127320,30187
Yamaha,MT-15,155,34,31096,2,Good,142900,68313
Bajaj,Dominar 400,373,2,1792,2,Excellent,167140,152846
Honda,Shine,123,56,50519,3,Fair,127140,26385
BMW,G 310 R,313,92,57683,1,Fair,406340,87395
Yamaha,FZ-FI,149,1,1000,3,Excellent,141820,121683
KTM,Duke 200,199,82,59243,1,Poor,245820,44799
Yamaha,MT-15,155,63,70324,2,Fair,142900,28157
Yamaha,FZ-FI,149,77,62652,2,Poor,141820,24128
Royal Enfield,Classic 350,349,38,19184,2,Good,242820,109091
Yamaha,R15 V4,155,25,27282,1,Fair,142900,76094
TVS,Sport,109,25,12742,2,Fair,109620,56380
Royal Enfield,Meteor 350,349,62,48830,2,Good,242820,56835
Honda,Shine,123,30,23234,1,Good,127140,70949
Hero,Splendor Plus,97,35,33836,1,Fair,97460,42467
KTM,Duke 250,249,16,17786,1,Excellent,254820,199302
KTM,Duke 250,249,69,62910,3,Fair,254820,47181
Royal Enfield,Meteor 350,349,8,9641,2,Excellent,242820,202757
TVS,Radeon,109,89,99567,2,Fair,109620,20298
Honda,SP 125,124,12,7354,1,Good,127320,97864
TVS,Apache RTR 200 4V,197,60,52373,1,Fair,125460,27271
Bajaj,Pulsar NS200,199,84,87466,2,Fair,135820,25816
KTM,Duke 200,199,55,48927,1,Fair,245820,60974
Hero,HF Deluxe,97,18,11605,4,Good,97460,53101
Honda,Shine,123,13,7036,1,Excellent,127140,105947
Bajaj,Pulsar NS200,199,79,48750,1,Fair,135820,29736
Royal Enfield,Meteor 350,349,18,21739,1,Excellent,242820,182921
KTM,Duke 200,199,93,59721,3,Poor,245820,38938
Suzuki,V-Strom SX,249,10,11146,1,Good,149820,117568
Hero,HF Deluxe,97,33,31232,1,Good,97460,50556
Bajaj,Pulsar NS200,199,10,5933,1,Excellent,135820,118245
Royal Enfield,Classic 350,349,27,27428,2,Good,242820,133478
Yamaha,FZ-FI,149,22,27162,1,Excellent,141820,99276
TVS,Radeon,109,56,50729,1,Fair,109620,26137
Yamaha,MT-15,155,26,28232,2,Fair,142900,70175
Triumph,Speed 400,398,72,48316,1,Fair,311640,68288
Bajaj,Pulsar NS200,199,25,14986,1,Good,135820,84183
TVS,Radeon,109,30,25106,1,Good,109620,60957
Royal Enfield,Meteor 350,349,66,65761,1,Good,242820,58443
TVS,Radeon,109,65,36386,2,Fair,109620,23110
Bajaj,Dominar 400,373,6,3834,1,Excellent,167140,154035
Yamaha,R15 V4,155,35,21642,1,Excellent,142900,79653
Bajaj,Dominar 400,373,17,12284,1,Good,167140,118392
Honda,Hornet 2.0,184,63,43577,3,Good,138120,30231
Triumph,Speed 400,398,91,64888,1,Fair,311640,66057
Suzuki,V-Strom SX,249,10,9656,3,Excellent,149820,112708
TVS,Apache RTR 160,159,69,39428,1,Fair,118620,26448
Suzuki,Gixxer,155,90,97022,2,Fair,132900,24746
KTM,Duke 250,249,75,78445,1,Poor,254820,44643
Royal Enfield,Meteor 350,349,3,2618,1,Excellent,242820,232975
Yamaha,MT-15,155,26,25116,4,Good,142900,66629
KTM,390 Duke,399,79,85097,2,Poor,281820,45763
KTM,Duke 200,199,39,25368,3,Good,245820,98807
Bajaj,Pulsar NS200,199,53,38512,1,Fair,135820,36809
Yamaha,FZ-FI,149,15,17637,1,Excellent,141820,112600
KTM,RC 200,199,20,22001,2,Excellent,245820,168659
KTM,Duke 200,199,66,51257,2,Fair,245820,50340
KTM,Duke 250,249,85,52937,1,Poor,254820,47029
TVS,Sport,109,25,26536,1,Fair,109620,58455
Suzuki,V-Strom SX,249,82,67457,1,Poor,149820,26852
Suzuki,V-Strom SX,249,89,108544,1,Poor,149820,24591
Suzuki,Gixxer,155,56,47600,1,Good,132900,36269
Honda,Shine,123,24,14881,1,Excellent,127140,88098
TVS,Radeon,109,92,68255,3,Poor,109620,17065
TVS,Radeon,109,65,62962,2,Good,109620,24942
KTM,390 Duke,399,55,54495,2,Fair,281820,64987
Suzuki,Gixxer,155,38,44417,1,Excellent,132900,66517
Bajaj,Pulsar 125,125,72,62827,3,Fair,122500,22685
Hero,HF Deluxe,97,11,13671,1,Good,97460,75087
Suzuki,V-Strom SX,249,16,17195,1,Excellent,149820,117307
Royal Enfield,Meteor 350,349,78,84045,1,Poor,242820,42041
Royal Enfield,Himalayan,452,78,87695,2,Poor,261360,42207
Honda,Hornet 2.0,184,41,26255,1,Good,138120,60832
TVS,Radeon,109,31,35271,1,Good,109620,58668
KTM,RC 200,199,81,95686,2,Fair,245820,45905
KTM,Duke 250,249,35,42487,2,Fair,254820,102642
Suzuki,Gixxer,155,1,1000,1,Excellent,132900,131068
Yamaha,R15 V4,155,46,24789,3,Good,142900,48422
Honda,SP 125,124,13,11888,2,Good,127320,89952
Royal Enfield,Classic 350,349,49,44099,2,Good,242820,78782
Royal Enfield,Himalayan,452,45,25382,1,Fair,261360,91786
Yamaha,R15 V4,155,69,68478,1,Fair,142900,30068
KTM,Duke 250,249,27,33153,2,Excellent,254820,152260
Royal Enfield,Himalayan,452,33,29312,4,Fair,261360,93308
KTM,Duke 200,199,89,101574,1,Poor,245820,40978
Royal Enfield,Himalayan,452,67,76921,1,Good,261360,61472
KTM,Duke 250,249,17,15116,3,Excellent,254820,171666
Suzuki,Gixxer,155,89,90273,1,Fair,132900,26713
TVS,Apache RTR 200 4V,197,71,82097,2,Fair,125460,24121
TVS,Sport,109,86,49949,1,Fair,109620,23943
Hero,Splendor Plus,97,28,23728,3,Good,97460,49045
Royal Enfield,Meteor 350,349,61,42778,1,Fair,242820,53789
TVS,Apache RTR 200 4V,197,90,95014,1,Fair,125460,24960
KTM,Duke 250,249,13,7646,1,Good,254820,193018
Honda,Shine,123,16,9942,1,Excellent,127140,100890
KTM,RC 200,199,11,9757,1,Excellent,245820,209624
Triumph,Speed 400,398,80,40415,2,Fair,311640,65191
Hero,Passion Pro,110,62,55116,1,Good,99800,24542
Honda,SP 125,124,45,46994,3,Good,127320,42445
Royal Enfield,Meteor 350,349,20,21593,1,Excellent,242820,177370
Hero,Splendor Plus,97,27,30539,3,Fair,97460,43333
Honda,SP 125,124,94,53462,1,Poor,127320,23473
Suzuki,V-Strom SX,249,71,70808,1,Good,149820,35687
TVS,Apache RTR 200 4V,197,1,1000,1,Good,125460,112595
Royal Enfield,Hunter 350,349,9,6298,1,Excellent,242820,214140
Royal Enfield,Himalayan,452,7,4293,1,Excellent,261360,237555
Honda,Shine,123,5,5296,1,Excellent,127140,118372
KTM,390 Duke,399,76,41214,2,Poor,281820,50032
Royal Enfield,Meteor 350,349,18,20535,1,Excellent,242820,183334
Triumph,Speed 400,398,94,107299,1,Fair,311640,60348
Royal Enfield,Classic 350,349,50,35750,1,Fair,242820,72702
TVS,Sport,109,6,5231,2,Excellent,109620,94723
Honda,Shine,123,25,15550,1,Excellent,127140,86506
TVS,Sport,109,31,30470,1,Fair,109620,52052
TVS,Apache RTR 200 4V,197,11,10910,1,Good,125460,97152
Royal Enfield,Himalayan,452,78,92150,2,Poor,261360,41805
Yamaha,MT-15,155,84,93028,1,Fair,142900,28553
Honda,Hornet 2.0,184,4,3205,3,Excellent,138120,113736
KTM,Duke 250,249,48,45583,2,Good,254820,84837
TVS,Sport,109,82,85587,1,Fair,109620,22255
Royal Enfield,Classic 350,349,11,10162,1,Excellent,242820,206912
Suzuki,V-Strom SX,249,77,54377,1,Fair,149820,32437
Bajaj,Pulsar 150,149,92,69881,4,Fair,126820,20754
Honda,SP 125,124,9,8056,1,Good,127320,101849
KTM,390 Duke,399,36,29584,1,Fair,281820,121239
TVS,Apache RTR 160,159,54,63369,1,Good,118620,33662
Suzuki,V-Strom SX,249,9,8366,4,Excellent,149820,102669
Triumph,Speed 400,398,5,4161,1,Excellent,311640,290747
Hero,Splendor Plus,97,16,17902,2,Good,97460,65190
Bajaj,Pulsar 150,149,71,84003,2,Fair,126820,24284
Hero,Passion Pro,110,35,42024,3,Good,99800,42360
Bajaj,Pulsar NS200,199,68,77468,1,Fair,135820,28051
Royal Enfield,Hunter 350,349,47,25523,1,Fair,242820,80804
Bajaj,Pulsar 125,125,90,93561,1,Fair,122500,24448
Triumph,Speed 400,398,95,110665,1,Fair,311640,59894
KTM,390 Duke,399,32,29498,1,Good,281820,149589
Suzuki,V-Strom SX,249,9,10643,1,Excellent,149820,131079
Bajaj,Dominar 400,373,18,11520,1,Good,167140,116771
Bajaj,Dominar 400,373,28,28719,1,Good,167140,95771
Yamaha,FZ-FI,149,90,58460,1,Fair,141820,30455
Bajaj,Pulsar NS200,199,54,32487,3,Fair,135820,31329
Bajaj,Pulsar 125,125,9,7215,2,Good,122500,92255
Bajaj,Pulsar 125,125,60,56728,2,Fair,122500,24814
KTM,Duke 200,199,48,54851,2,Fair,245820,70640
Honda,Shine,123,76,47146,2,Fair,127140,26248
TVS,Sport,109,27,14954,1,Good,109620,65618
Hero,Splendor Plus,97,9,6248,1,Excellent,97460,85956
Hero,HF Deluxe,97,23,19907,1,Excellent,97460,68032
Royal Enfield,Classic 350,349,82,79638,1,Fair,242820,49922
Yamaha,R15 V4,155,80,97577,1,Fair,142900,28272
Triumph,Speed 400,398,91,89614,1,Fair,311640,62729
Bajaj,Pulsar 150,149,75,38346,1,Poor,126820,24085
Honda,Shine,123,19,17142,1,Excellent,127140,95123
Suzuki,Gixxer,155,59,45874,1,Fair,132900,29262
Royal Enfield,Classic 350,349,20,18480,3,Excellent,242820,155211
Royal Enfield,Meteor 350,349,37,36617,2,Good,242820,107874
Hero,HF Deluxe,97,4,3502,1,Excellent,97460,92197
Hero,Splendor Plus,97,30,17622,1,Good,97460,54960
Bajaj,Dominar 400,373,75,84560,1,Fair,167140,34007
Suzuki,V-Strom SX,249,57,30440,1,Fair,149820,35799
Hero,HF Deluxe,97,91,57499,2,Fair,97460,19711
Royal Enfield,Meteor 350,349,20,12025,1,Good,242820,164299
Hero,Splendor Plus,97,80,86374,1,Fair,97460,19753
KTM,390 Duke,399,32,16493,4,Good,281820,119563
Royal Enfield,Classic 350,349,74,91770,2,Fair,242820,45731
Bajaj,Dominar 400,373,32,29374,2,Excellent,167140,91663
Yamaha,R15 V4,155,50,60350,2,Fair,142900,38314
Hero,HF Deluxe,97,85,67471,1,Fair,97460,20549
Triumph,Speed 400,398,70,82952,3,Good,311640,62965
Suzuki,Gixxer,155,38,29100,1,Good,132900,62344
TVS,Apache RTR 160,159,34,32159,1,Excellent,118620,66158
Honda,Hornet 2.0,184,78,79093,2,Fair,138120,26723
Bajaj,Dominar 400,373,33,19339,1,Good,167140,88668
Bajaj,Pulsar NS200,199,35,41681,1,Good,135820,66307
TVS,Sport,109,66,72086,2,Fair,109620,21521
KTM,RC 200,199,93,93150,1,Poor,245820,41739
KTM,390 Duke,399,82,61500,1,Fair,281820,60149
Hero,HF Deluxe,97,28,27946,1,Fair,97460,49166
Royal Enfield,Hunter 350,349,25,24654,1,Fair,242820,129944
Hero,Passion Pro,110,26,21605,1,Fair,99800,52793
Triumph,Speed 400,398,68,39606,2,Fair,311640,65293
Bajaj,Pulsar NS200,199,73,63640,1,Poor,135820,24533
BMW,G 310 R,313,47,27342,2,Good,406340,144087
Bajaj,Pulsar 150,149,76,77997,3,Poor,126820,19348
KTM,Duke 250,249,40,36876,1,Good,254820,112577
Honda,Shine,123,83,76955,1,Fair,127140,26286
Bajaj,Pulsar 150,149,89,95658,2,Poor,126820,20131
TVS,Apache RTR 200 4V,197,90,102215,1,Fair,125460,24570
Royal Enfield,Himalayan,452,30,30967,3,Good,261360,125046
Hero,Passion Pro,110,79,77914,2,Poor,99800,16453
Yamaha,FZ-FI,149,60,51166,1,Good,141820,35151
Suzuki,Gixxer,155,69,38152,1,Good,132900,33790
KTM,390 Duke,399,54,45987,1,Fair,281820,72791
Suzuki,V-Strom SX,249,48,51475,1,Good,149820,52450
Bajaj,Pulsar 150,149,85,54735,1,Fair,126820,27438
TVS,Apache RTR 160,159,33,28175,3,Good,118620,53845
Hero,Splendor Plus,97,77,52539,1,Poor,97460,18001
Hero,Passion Pro,110,68,55552,2,Good,99800,23049
Hero,Splendor Plus,97,72,48489,2,Good,97460,22827
Royal Enfield,Classic 350,349,61,57290,1,Good,242820,59453
Royal Enfield,Himalayan,452,28,31404,3,Good,261360,129627
Hero,Passion Pro,110,59,47081,3,Good,99800,21694
Hero,Passion Pro,110,15,8223,2,Good,99800,68966
Suzuki,V-Strom SX,249,37,26821,2,Excellent,149820,74521
KTM,Duke 200,199,38,26614,3,Fair,245820,88614
Bajaj,Dominar 400,373,14,17288,1,Excellent,167140,134733
Royal Enfield,Himalayan,452,1,1000,3,Good,261360,204067
Yamaha,FZ-FI,149,75,78509,1,Poor,141820,24842
KTM,Duke 200,199,63,66242,1,Fair,245820,51962
BMW,G 310 R,313,2,1292,1,Good,406340,360055
Hero,Passion Pro,110,51,49396,1,Fair,99800,28223
KTM,RC 200,199,45,23623,1,Excellent,245820,108268
Honda,Shine,123,81,81883,2,Poor,127140,20786
TVS,Apache RTR 200 4V,197,59,48633,3,Good,125460,27189
Hero,Passion Pro,110,12,13457,1,Good,99800,75857
TVS,Radeon,109,2,1983,1,Excellent,109620,106607
Bajaj,Dominar 400,373,42,50925,1,Excellent,167140,75302
Honda,SP 125,124,58,53592,2,Fair,127320,26298
KTM,Duke 200,199,34,33845,3,Excellent,245820,118894
Yamaha,FZ-FI,149,40,48693,2,Good,141820,57553
TVS,Apache RTR 160,159,35,30977,1,Good,118620,59116
Hero,HF Deluxe,97,36,21554,1,Good,97460,48420
Bajaj,Pulsar 150,149,42,29439,3,Good,126820,47161
TVS,Radeon,109,72,57782,2,Fair,109620,22158
KTM,RC 200,199,26,16993,1,Excellent,245820,163951
Bajaj,Dominar 400,373,91,57063,3,Poor,167140,26617
BMW,G 310 R,313,67,70901,1,Fair,406340,85075
Royal Enfield,Himalayan,452,83,96182,1,Fair,261360,51866
Honda,Hornet 2.0,184,47,43285,2,Good,138120,47498
Triumph,Speed 400,398,47,55380,3,Fair,311640,85142
Hero,Passion Pro,110,72,48795,2,Fair,99800,20537
Royal Enfield,Himalayan,452,15,15467,2,Good,261360,178221
Royal Enfield,Himalayan,452,35,41420,3,Fair,261360,97639
Royal Enfield,Himalayan,452,85,76244,1,Fair,261360,54117
Honda,Shine,123,54,39190,1,Good,127140,37852
Bajaj,Pulsar 150,149,4,3295,1,Excellent,126820,120016
Hero,HF Deluxe,97,8,4103,1,Excellent,97460,87453
Bajaj,Pulsar 125,125,20,21083,1,Good,122500,81505
Yamaha,R15 V4,155,81,84335,1,Fair,142900,29089
Royal Enfield,Classic 350,349,20,12415,3,Good,242820,142837
Bajaj,Pulsar 150,149,11,13583,1,Good,126820,97723
BMW,G 310 R,313,73,72428,2,Poor,406340,67761
TVS,Radeon,109,39,30291,1,Good,109620,50175
Royal Enfield,Himalayan,452,80,59804,1,Fair,261360,55974
Bajaj,Pulsar NS200,199,24,19267,2,Excellent,135820,87749
Bajaj,Pulsar NS200,199,79,82785,1,Fair,135820,27739
Royal Enfield,Classic 350,349,10,11231,1,Good,242820,190519
Royal Enfield,Classic 350,349,22,16701,3,Excellent,242820,150808
KTM,390 Duke,399,10,9456,1,Good,281820,221840
Suzuki,V-Strom SX,249,73,81750,1,Fair,149820,30665
Honda,Shine,123,92,50528,1,Fair,127140,27738
Hero,Splendor Plus,97,50,51660,1,Fair,97460,28287
Yamaha,FZ-FI,149,93,62115,1,Poor,141820,25696
Honda,SP 125,124,59,41839,1,Fair,127320,28255
Yamaha,R15 V4,155,74,61859,2,Fair,142900,28648
BMW,G 310 R,313,45,50700,2,Good,406340,145296
Bajaj,Pulsar 125,125,66,43069,1,Fair,122500,27120
Hero,Splendor Plus,97,16,13375,1,Good,97460,69935
Suzuki,Gixxer,155,81,79950,1,Fair,132900,27305
BMW,G 310 R,313,80,46375,3,Fair,406340,77761
Bajaj,Pulsar 125,125,51,47033,2,Fair,122500,32716
Hero,HF Deluxe,97,57,30454,2,Fair,97460,21890
TVS,Radeon,109,6,3657,1,Good,109620,91962
Suzuki,V-Strom SX,249,72,55107,1,Fair,149820,32390
Royal Enfield,Hunter 350,349,30,19665,2,Excellent,242820,140909
Royal Enfield,Classic 350,349,70,45050,2,Fair,242820,50338
Honda,Hornet 2.0,184,36,27496,1,Good,138120,67858
TVS,Sport,109,40,32067,2,Excellent,109620,50489
TVS,Radeon,109,1,1000,1,Excellent,109620,108109
Yamaha,FZ-FI,149,40,44001,2,Good,141820,58086
Hero,Passion Pro,110,31,26795,1,Fair,99800,47721
Honda,SP 125,124,35,27843,1,Good,127320,63831
Hero,Passion Pro,110,6,5950,1,Good,99800,83376
Royal Enfield,Himalayan,452,25,19437,3,Good,261360,139775
Royal Enfield,Hunter 350,349,42,40644,1,Good,242820,101581
Hero,Splendor Plus,97,14,14199,1,Excellent,97460,79014
Royal Enfield,Himalayan,452,51,33843,1,Good,261360,86659
Honda,Shine,123,93,86693,1,Fair,127140,25752
BMW,G 310 R,313,34,24707,1,Good,406340,209168
Suzuki,Gixxer,155,63,31742,1,Good,132900,34208
Royal Enfield,Classic 350,349,79,54574,2,Fair,242820,49398
KTM,390 Duke,399,78,96951,1,Poor,281820,47458
KTM,RC 200,199,27,28414,1,Fair,245820,126140
Triumph,Speed 400,398,85,48409,2,Fair,311640,64179
Royal Enfield,Himalayan,452,16,17951,2,Excellent,261360,192093
KTM,390 Duke,399,33,20233,1,Fair,281820,131215
Honda,SP 125,124,40,22363,1,Good,127320,57822
Yamaha,MT-15,155,25,15774,1,Good,142900,88442
Royal Enfield,Himalayan,452,76,75634,2,Fair,261360,50935
Hero,HF Deluxe,97,42,31321,2,Fair,97460,34302
Suzuki,Gixxer,155,17,17332,2,Excellent,132900,96338
Bajaj,Pulsar 150,149,73,62276,2,Fair,126820,25403
Honda,SP 125,124,58,51552,1,Fair,127320,28090
Suzuki,Gixxer,155,57,58732,1,Good,132900,34176
Royal Enfield,Hunter 350,349,48,59107,1,Fair,242820,73601
Royal Enfield,Hunter 350,349,2,2073,3,Good,242820,186926
Yamaha,R15 V4,155,32,39975,2,Excellent,142900,76790
KTM,Duke 250,249,24,29803,3,Good,254820,135933
Royal Enfield,Meteor 350,349,79,75535,1,Fair,242820,50353
KTM,Duke 200,199,28,30792,1,Excellent,245820,154177
Yamaha,R15 V4,155,54,52992,2,Good,142900,38923
Suzuki,Gixxer,155,46,42041,1,Excellent,132900,55033
Royal Enfield,Himalayan,452,48,55925,1,Fair,261360,79729
TVS,Sport,109,11,7623,1,Excellent,109620,93844
Royal Enfield,Classic 350,349,63,68189,4,Good,242820,45359
Royal Enfield,Hunter 350,349,49,60897,2,Good,242820,76195
TVS,Sport,109,38,45173,1,Good,109620,49853
Triumph,Speed 400,398,90,81995,3,Fair,311640,55466
Triumph,Speed 400,398,41,35574,1,Good,311640,134840
Bajaj,Pulsar 150,149,69,61700,1,Fair,126820,27056
Honda,Shine,123,26,14725,1,Fair,127140,68123
TVS,Radeon,109,56,47679,2,Fair,109620,24717
Hero,HF Deluxe,97,56,50443,1,Good,97460,26448
Suzuki,Gixxer,155,15,16381,1,Good,132900,96245
Royal Enfield,Meteor 350,349,15,15953,2,Good,242820,165429
Hero,Passion Pro,110,7,5909,2,Good,99800,77366
KTM,Duke 200,199,23,28626,2,Good,245820,144394
Honda,Shine,123,62,47825,1,Good,127140,31721
Honda,Hornet 2.0,184,7,6136,2,Excellent,138120,117613
Hero,Splendor Plus,97,29,22805,2,Excellent,97460,57279
Royal Enfield,Hunter 350,349,5,4163,1,Good,242820,206151
Royal Enfield,Classic 350,349,67,43356,3,Fair,242820,46744
Honda,Hornet 2.0,184,40,38236,1,Good,138120,60860
TVS,Apache RTR 200 4V,197,67,71971,2,Good,125460,28024
Yamaha,R15 V4,155,35,33777,1,Good,142900,70837
Honda,Hornet 2.0,184,14,17291,1,Excellent,138120,111339
Royal Enfield,Meteor 350,349,8,5657,1,Good,242820,197719
Honda,SP 125,124,70,61391,2,Good,127320,29062
Honda,SP 125,124,74,40054,1,Fair,127320,28353
Royal Enfield,Meteor 350,349,1,1000,1,Excellent,242820,239474
Royal Enfield,Classic 350,349,47,45739,3,Fair,242820,67618
Suzuki,V-Strom SX,249,6,6659,1,Good,149820,125003
Hero,Splendor Plus,97,44,40924,3,Fair,97460,29658
Suzuki,Gixxer,155,16,8111,2,Excellent,132900,99466
TVS,Sport,109,69,51466,2,Good,109620,25524
BMW,G 310 R,313,28,26000,3,Good,406340,203611
Honda,Shine,123,31,24303,2,Excellent,127140,71770
Hero,HF Deluxe,97,52,53828,1,Fair,97460,26475
Royal Enfield,Meteor 350,349,37,40654,1,Good,242820,113866
Hero,Passion Pro,110,51,42498,2,Fair,99800,26891
Honda,Hornet 2.0,184,59,54158,2,Good,138120,31989
Bajaj,Pulsar 125,125,73,69074,1,Poor,122500,21882
BMW,G 310 R,313,62,38887,2,Fair,406340,85253
Yamaha,FZ-FI,149,4,3106,1,Excellent,141820,134257
BMW,G 310 R,313,68,84719,1,Fair,406340,82650
Hero,HF Deluxe,97,88,85203,2,Poor,97460,15822
TVS,Radeon,109,42,41837,2,Fair,109620,37808
Bajaj,Pulsar 125,125,44,26467,2,Fair,122500,41409
Suzuki,V-Strom SX,249,79,84077,1,Fair,149820,30515
Hero,HF Deluxe,97,31,33003,1,Good,97460,52387
TVS,Apache RTR 200 4V,197,25,29659,4,Good,125460,59008
TVS,Radeon,109,13,14843,1,Excellent,109620,90047
TVS,Sport,109,78,85466,1,Fair,109620,22261
Suzuki,Gixxer,155,34,24395,2,Excellent,132900,70708
Hero,Splendor Plus,97,76,60803,3,Fair,97460,18122
BMW,G 310 R,313,19,14786,2,Excellent,406340,287024
Bajaj,Pulsar NS200,199,34,29101,4,Fair,135820,47544
Honda,SP 125,124,96,76793,1,Fair,127320,26333
KTM,RC 200,199,33,28798,1,Fair,245820,112623
Triumph,Speed 400,398,24,17290,1,Excellent,311640,214982
Bajaj,Pulsar 150,149,46,26088,2,Excellent,126820,50898
Yamaha,FZ-FI,149,30,23901,1,Good,141820,79042
Hero,Splendor Plus,97,4,4110,1,Good,97460,83806
KTM,RC 200,199,37,29003,2,Excellent,245820,121768
KTM,RC 200,199,7,7568,3,Good,245820,175839
Yamaha,FZ-FI,149,92,83386,3,Poor,141820,21392
Suzuki,V-Strom SX,249,24,21063,1,Excellent,149820,102627
Bajaj,Pulsar 125,125,43,36964,1,Excellent,122500,55345
Hero,Passion Pro,110,55,41035,1,Good,99800,28597
Triumph,Speed 400,398,86,62291,2,Poor,311640,53059
TVS,Apache RTR 160,159,69,73865,1,Fair,118620,24683
TVS,Radeon,109,26,28098,1,Good,109620,65159
Hero,Splendor Plus,97,36,27831,1,Good,97460,47851
Honda,Shine,123,72,65367,2,Fair,127140,25307
Yamaha,FZ-FI,149,79,40693,1,Fair,141820,31543
Hero,Passion Pro,110,86,78940,2,Fair,99800,19315
Yamaha,FZ-FI,149,54,54308,4,Good,141820,31969
TVS,Apache RTR 200 4V,197,29,28423,4,Good,125460,55091
Yamaha,FZ-FI,149,33,40122,1,Excellent,141820,79473
Hero,HF Deluxe,97,34,21399,1,Excellent,97460,55473
TVS,Apache RTR 200 4V,197,66,68298,1,Good,125460,30039
TVS,Apache RTR 200 4V,197,89,64284,2,Fair,125460,25028
Yamaha,MT-15,155,2,2412,2,Excellent,142900,130532
Hero,Splendor Plus,97,56,31771,4,Fair,97460,18806
Hero,Passion Pro,110,62,32485,3,Fair,99800,19619
Bajaj,Pulsar 150,149,77,68202,4,Poor,126820,17702
Suzuki,V-Strom SX,249,50,34398,1,Fair,149820,44973
TVS,Radeon,109,87,55497,3,Fair,109620,20602
Honda,Hornet 2.0,184,84,69571,1,Fair,138120,28997
TVS,Radeon,109,76,76912,1,Fair,109620,22666
TVS,Apache RTR 160,159,87,96440,4,Fair,118620,18350
Royal Enfield,Himalayan,452,2,2195,1,Excellent,261360,254079
TVS,Apache RTR 200 4V,197,51,62180,1,Fair,125460,34584
Hero,Splendor Plus,97,70,67122,2,Good,97460,21988
Royal Enfield,Classic 350,349,50,38938,3,Fair,242820,62863
Hero,HF Deluxe,97,72,88788,1,Fair,97460,19652
TVS,Apache RTR 200 4V,197,72,44829,2,Fair,125460,26019
KTM,Duke 200,199,75,62495,2,Poor,245820,41835
Royal Enfield,Hunter 350,349,50,57847,1,Fair,242820,69611
Triumph,Speed 400,398,80,74637,2,Fair,311640,60860
Suzuki,V-Strom SX,249,54,64630,1,Fair,149820,37281
Bajaj,Dominar 400,373,28,28569,4,Excellent,167140,82113
Hero,Splendor Plus,97,34,21577,4,Fair,97460,34604
KTM,RC 200,199,48,25799,1,Excellent,245820,99387
KTM,390 Duke,399,84,49358,1,Fair,281820,61627
Honda,SP 125,124,81,64262,1,Fair,127320,27022
Hero,Passion Pro,110,11,11492,1,Good,99800,77199
Honda,SP 125,124,74,74122,3,Fair,127320,23037
TVS,Apache RTR 160,159,51,28638,2,Fair,118620,32826
Royal Enfield,Himalayan,452,59,44448,1,Fair,261360,57707
Bajaj,Dominar 400,373,20,11983,1,Excellent,167140,124286
Bajaj,Pulsar 125,125,20,20765,1,Excellent,122500,89620
BMW,G 310 R,313,63,42339,1,Good,406340,102476
Bajaj,Pulsar 150,149,11,13135,1,Excellent,126820,107477
Triumph,Speed 400,398,72,57338,2,Fair,311640,63049
Bajaj,Pulsar 125,125,56,54747,1,Fair,122500,28976
Royal Enfield,Meteor 350,349,80,69159,2,Fair,242820,47960
Yamaha,FZ-FI,149,27,24759,3,Fair,141820,63752
KTM,Duke 200,199,36,24908,1,Good,245820,121362
Honda,SP 125,124,69,35559,1,Fair,127320,28600
Suzuki,V-Strom SX,249,68,84782,1,Fair,149820,30469
Suzuki,Gixxer,155,15,14073,2,Excellent,132900,99844
BMW,G 310 R,313,77,66190,1,Poor,406340,73017
Bajaj,Dominar 400,373,47,23511,1,Good,167140,63508
Honda,Shine,123,36,25622,1,Excellent,127140,68884
TVS,Apache RTR 200 4V,197,44,51775,2,Good,125460,45933
TVS,Apache RTR 200 4V,197,51,53476,1,Fair,125460,35194
KTM,RC 200,199,59,36531,2,Fair,245820,51810
BMW,G 310 R,313,78,84037,2,Fair,406340,77803
Honda,SP 125,124,2,1216,1,Excellent,127320,123992
Hero,Splendor Plus,97,1,1069,1,Excellent,97460,96105
KTM,Duke 200,199,59,53405,2,Fair,245820,50125
Hero,Passion Pro,110,25,28478,2,Good,99800,56695
TVS,Sport,109,89,98521,1,Fair,109620,21643
Bajaj,Pulsar 125,125,60,39775,2,Fair,122500,25657
Honda,SP 125,124,17,19727,1,Excellent,127320,97748
Suzuki,V-Strom SX,249,31,38356,1,Good,149820,79707
Hero,Passion Pro,110,63,37953,4,Fair,99800,17406
Royal Enfield,Hunter 350,349,54,38025,2,Good,242820,68109
Hero,Passion Pro,110,76,51746,3,Fair,99800,18897
BMW,G 310 R,313,68,82661,1,Good,406340,94425
Honda,Shine,123,62,42903,1,Good,127140,32028
Bajaj,Pulsar NS200,199,48,42686,1,Excellent,135820,53162
Royal Enfield,Classic 350,349,41,49701,1,Good,242820,102208
Honda,Hornet 2.0,184,28,27014,1,Excellent,138120,87252
Yamaha,FZ-FI,149,85,79264,2,Poor,141820,23315
Royal Enfield,Hunter 350,349,54,53265,1,Fair,242820,61822
BMW,G 310 R,313,54,60241,1,Good,406340,116045
Suzuki,V-Strom SX,249,36,20278,1,Good,149820,74612
TVS,Radeon,109,90,107596,1,Poor,109620,18031
Bajaj,Pulsar 150,149,77,81710,2,Fair,126820,24402
Royal Enfield,Himalayan,452,49,44109,3,Good,261360,78481
Hero,Splendor Plus,97,9,6648,2,Excellent,97460,80740
Bajaj,Pulsar 125,125,92,83913,2,Fair,122500,23461
Royal Enfield,Hunter 350,349,43,30764,4,Good,242820,78799
KTM,Duke 250,249,6,7003,2,Good,254820,199729
KTM,RC 200,199,70,49264,3,Good,245820,53207
Yamaha,FZ-FI,149,1,1000,3,Good,141820,110731
TVS,Sport,109,74,76499,1,Poor,109620,19283
KTM,390 Duke,399,49,48385,1,Fair,281820,84797
Bajaj,Pulsar 150,149,52,42140,1,Fair,126820,35253
Triumph,Speed 400,398,32,29490,1,Excellent,311640,181780
Hero,HF Deluxe,97,11,6272,1,Good,97460,76112
TVS,Radeon,109,75,77479,2,Fair,109620,21281
KTM,390 Duke,399,31,20707,2,Excellent,281820,160163
Royal Enfield,Hunter 350,349,2,1263,4,Excellent,242820,184433
Honda,SP 125,124,6,6511,1,Excellent,127320,116768
KTM,390 Duke,399,35,27405,1,Excellent,281820,155392
Royal Enfield,Himalayan,452,73,43819,1,Poor,261360,49112
TVS,Sport,109,31,35102,2,Good,109620,55166
Yamaha,MT-15,155,16,17261,1,Excellent,142900,111875
KTM,390 Duke,399,94,64307,1,Fair,281820,59807
Suzuki,Gixxer,155,13,12070,1,Excellent,132900,109730
Bajaj,Dominar 400,373,82,92638,2,Fair,167140,31419
TVS,Apache RTR 200 4V,197,91,76192,1,Fair,125460,25980
KTM,390 Duke,399,72,61985,3,Fair,281820,52278
Hero,HF Deluxe,97,27,19830,1,Fair,97460,50825
Royal Enfield,Hunter 350,349,22,21670,1,Good,242820,156287
Bajaj,Pulsar 125,125,82,67832,1,Fair,122500,25810
Suzuki,V-Strom SX,249,66,75277,1,Fair,149820,31084
TVS,Sport,109,45,53731,4,Excellent,109620,35527
Royal Enfield,Himalayan,452,19,18284,1,Excellent,261360,195129
Royal Enfield,Hunter 350,349,33,33857,3,Good,242820,109037
Royal Enfield,Himalayan,452,29,17869,1,Excellent,261360,164925
Royal Enfield,Hunter 350,349,61,68850,2,Fair,242820,47991
KTM,Duke 250,249,67,60621,1,Fair,254820,54483
Yamaha,R15 V4,155,51,35342,1,Good,142900,47245
Honda,Hornet 2.0,184,83,90433,1,Fair,138120,27752
Honda,Hornet 2.0,184,6,5862,2,Excellent,138120,119213
Royal Enfield,Meteor 350,349,13,10208,2,Excellent,242820,189103
Hero,HF Deluxe,97,41,43000,1,Good,97460,41566
Yamaha,MT-15,155,37,31910,3,Good,142900,59289
KTM,Duke 200,199,44,46546,2,Good,245820,90934
Hero,Splendor Plus,97,39,21808,2,Good,97460,42610
TVS,Radeon,109,54,42310,1,Good,109620,32439
Yamaha,R15 V4,155,27,20374,3,Good,142900,73673
KTM,Duke 200,199,24,19880,1,Good,245820,153572
Yamaha,R15 V4,155,87,55492,1,Poor,142900,26239
TVS,Sport,109,25,17366,1,Good,109620,67645
Bajaj,Pulsar 125,125,21,18114,1,Good,122500,80664
Yamaha,MT-15,155,45,43360,1,Good,142900,55149
Honda,SP 125,124,60,66480,3,Fair,127320,23403
TVS,Apache RTR 200 4V,197,2,2076,2,Excellent,125460,114671
TVS,Radeon,109,64,56825,1,Good,109620,26865
Yamaha,FZ-FI,149,58,50748,1,Fair,141820,31340
KTM,390 Duke,399,70,58654,1,Fair,281820,60495
Honda,Hornet 2.0,184,18,19831,1,Excellent,138120,104420
Triumph,Speed 400,398,76,44843,1,Fair,311640,68756
BMW,G 310 R,313,49,25488,3,Good,406340,126459
BMW,G 310 R,313,54,64794,1,Good,406340,114978
Hero,Splendor Plus,97,37,25736,1,Good,97460,47026
Honda,Hornet 2.0,184,15,12475,1,Good,138120,100750
KTM,RC 200,199,60,73081,1,Fair,245820,51236
Yamaha,FZ-FI,149,64,56514,1,Good,141820,34778
Hero,Passion Pro,110,36,23567,1,Good,99800,49396
Honda,SP 125,124,96,68267,2,Fair,127320,25193
Royal Enfield,Himalayan,452,61,75193,3,Fair,261360,47185
Hero,Passion Pro,110,6,6199,2,Excellent,99800,86086
KTM,RC 200,199,13,8535,1,Good,245820,185899
Hero,Passion Pro,110,7,4250,1,Excellent,99800,90717
Suzuki,V-Strom SX,249,7,6130,3,Good,149820,107450
Royal Enfield,Meteor 350,349,93,49777,1,Poor,242820,45096
Triumph,Speed 400,398,77,64615,2,Poor,311640,52809
BMW,G 310 R,313,20,18603,1,Excellent,406340,298477
KTM,390 Duke,399,65,61486,3,Fair,281820,52331
Suzuki,V-Strom SX,249,80,67748,1,Fair,149820,31571
KTM,Duke 250,249,65,37369,1,Fair,254820,57043
Honda,Shine,123,35,34914,2,Fair,127140,51968
Suzuki,V-Strom SX,249,39,41720,2,Fair,149820,55436
Royal Enfield,Meteor 350,349,52,45447,1,Fair,242820,67065
KTM,390 Duke,399,4,3102,1,Excellent,281820,266794
Bajaj,Dominar 400,373,49,53943,1,Fair,167140,49740
Bajaj,Pulsar 125,125,85,79531,2,Fair,122500,23679
Bajaj,Pulsar 150,149,8,7955,1,Excellent,126820,113003
TVS,Radeon,109,75,88742,2,Fair,109620,20779
Bajaj,Pulsar 125,125,88,77345,1,Fair,122500,25306
TVS,Apache RTR 200 4V,197,70,44153,1,Fair,125460,27717
Suzuki,Gixxer,155,74,58107,2,Poor,132900,22819
Hero,HF Deluxe,97,49,45162,1,Fair,97460,29511
Bajaj,Pulsar 125,125,43,53401,1,Good,122500,48767
Bajaj,Pulsar 125,125,35,31812,1,Good,122500,60953
Royal Enfield,Meteor 350,349,93,74557,1,Fair,242820,50455
TVS,Apache RTR 160,159,72,61102,1,Fair,118620,25337
Hero,HF Deluxe,97,75,78173,2,Fair,97460,18893
Yamaha,MT-15,155,95,105839,1,Fair,142900,27762
TVS,Radeon,109,51,47422,2,Fair,109620,29254
Royal Enfield,Meteor 350,349,55,33759,1,Fair,242820,62033
Royal Enfield,Classic 350,349,26,13311,3,Good,242820,129092
Yamaha,MT-15,155,65,38662,1,Fair,142900,31909
TVS,Sport,109,38,22083,4,Good,109620,40645
KTM,390 Duke,399,32,34290,1,Good,281820,148226
Hero,HF Deluxe,97,59,56337,3,Good,97460,20800
Bajaj,Pulsar 150,149,80,88017,2,Fair,126820,24077
Honda,Hornet 2.0,184,85,42537,3,Poor,138120,22636
Hero,Splendor Plus,97,26,23832,1,Fair,97460,51340
TVS,Apache RTR 160,159,45,55707,1,Excellent,118620,49093
Honda,Shine,123,65,53164,1,Fair,127140,27593
KTM,Duke 200,199,33,39380,2,Good,245820,118003
Hero,Passion Pro,110,14,12543,1,Excellent,99800,81158
Bajaj,Dominar 400,373,94,115550,1,Fair,167140,31770
TVS,Sport,109,87,83516,2,Fair,109620,21012
Hero,Passion Pro,110,34,42024,2,Good,99800,46715
Hero,HF Deluxe,97,35,40368,1,Good,97460,47701
Hero,Passion Pro,110,46,36959,3,Good,99800,33042
Hero,Passion Pro,110,37,36389,1,Excellent,99800,51854
Bajaj,Pulsar 150,149,79,83716,4,Poor,126820,17138
KTM,Duke 250,249,28,23114,1,Fair,254820,129728
Royal Enfield,Hunter 350,349,26,15453,1,Good,242820,147796
Hero,Passion Pro,110,28,15860,1,Fair,99800,51500
Bajaj,Pulsar 150,149,69,85588,1,Fair,126820,25747
Yamaha,R15 V4,155,11,12608,2,Excellent,142900,113948
KTM,390 Duke,399,81,47871,1,Poor,281820,52537
KTM,Duke 250,249,33,37727,1,Excellent,254820,143459
Royal Enfield,Classic 350,349,94,98964,2,Fair,242820,45021
Honda,SP 125,124,19,15418,3,Excellent,127320,83140
Yamaha,FZ-FI,149,36,38744,1,Good,141820,68191
TVS,Radeon,109,44,34511,1,Good,109620,44159
KTM,Duke 250,249,11,6515,1,Excellent,254820,218589
TVS,Radeon,109,76,56747,2,Fair,109620,22204
Triumph,Speed 400,398,26,29757,1,Fair,311640,162339
Bajaj,Pulsar 150,149,78,66843,1,Poor,126820,22758
Honda,Hornet 2.0,184,27,33089,2,Excellent,138120,82539
TVS,Radeon,109,11,13352,3,Good,109620,73519
BMW,G 310 R,313,80,56824,2,Fair,406340,82293
Honda,SP 125,124,69,76825,1,Fair,127320,26331
Yamaha,MT-15,155,42,37653,2,Good,142900,56520
Honda,Shine,123,36,21386,1,Good,127140,63186
TVS,Radeon,109,73,68035,3,Fair,109620,20085
Honda,Shine,123,76,67167,1,Fair,127140,26824
Yamaha,FZ-FI,149,41,36598,1,Excellent,141820,67298
Hero,Passion Pro,110,42,51706,1,Good,99800,40853
Suzuki,V-Strom SX,249,78,52974,2,Fair,149820,30576
Yamaha,FZ-FI,149,86,90684,1,Fair,141820,28480
Hero,Splendor Plus,97,75,85999,2,Fair,97460,18583
KTM,RC 200,199,76,55258,1,Fair,245820,53128
TVS,Apache RTR 160,159,47,29113,2,Fair,118620,36854
Bajaj,Pulsar 125,125,53,65915,3,Fair,122500,27352
KTM,390 Duke,399,49,31403,2,Good,281820,93706
Hero,HF Deluxe,97,78,43554,1,Fair,97460,21556
Yamaha,R15 V4,155,12,13174,3,Excellent,142900,103896
BMW,G 310 R,313,89,108182,4,Fair,406340,61254
Bajaj,Pulsar 125,125,19,19671,2,Excellent,122500,85748
KTM,Duke 250,249,88,44811,2,Fair,254820,52850
Suzuki,Gixxer,155,3,3652,1,Good,132900,115818
BMW,G 310 R,313,70,40711,1,Fair,406340,90375
Yamaha,FZ-FI,149,79,70621,1,Fair,141820,29710
Royal Enfield,Classic 350,349,78,65274,1,Fair,242820,51429
Hero,Passion Pro,110,76,47363,3,Fair,99800,19061
Suzuki,V-Strom SX,249,27,19552,1,Fair,149820,78171
Honda,Hornet 2.0,184,29,30690,1,Excellent,138120,85079
Hero,Passion Pro,110,51,43854,1,Fair,99800,28532
Triumph,Speed 400,398,78,50007,1,Fair,311640,68061
Royal Enfield,Meteor 350,349,80,98995,2,Fair,242820,45018
Suzuki,V-Strom SX,249,12,10538,1,Good,149820,114490
Hero,HF Deluxe,97,51,38633,1,Good,97460,32018
KTM,Duke 200,199,21,20900,2,Excellent,245820,166338
Suzuki,V-Strom SX,249,17,9843,1,Excellent,149820,117143
Yamaha,R15 V4,155,60,63621,2,Fair,142900,28546
KTM,Duke 250,249,57,56998,1,Good,254820,65758
Suzuki,Gixxer,155,39,37142,2,Fair,132900,49613
Honda,SP 125,124,2,2097,1,Excellent,127320,123795
Bajaj,Dominar 400,373,33,36111,1,Good,167140,85895
Royal Enfield,Classic 350,349,58,69096,2,Good,242820,55289
Royal Enfield,Hunter 350,349,44,28493,2,Excellent,242820,102208
Suzuki,Gixxer,155,8,7413,1,Excellent,132900,118538
Royal Enfield,Classic 350,349,47,27494,2,Good,242820,86079
Honda,Hornet 2.0,184,85,54600,1,Poor,138120,25407
KTM,RC 200,199,1,1000,2,Good,245820,207377
Hero,HF Deluxe,97,64,57931,1,Good,97460,23832
Bajaj,Dominar 400,373,48,32675,1,Good,167140,60696
Yamaha,R15 V4,155,53,48019,1,Good,142900,43242
Royal Enfield,Himalayan,452,86,84173,1,Fair,261360,53222
Bajaj,Pulsar NS200,199,74,79161,2,Fair,135820,26274
Yamaha,MT-15,155,80,74782,1,Fair,142900,29679
KTM,Duke 200,199,43,26830,2,Good,245820,96857
TVS,Radeon,109,36,25342,1,Fair,109620,47539
Hero,Splendor Plus,97,17,21059,3,Excellent,97460,64934
Hero,HF Deluxe,97,47,42398,1,Good,97460,35717
KTM,Duke 250,249,41,36893,3,Excellent,254820,105141
Hero,Passion Pro,110,26,19483,1,Fair,99800,53003
Royal Enfield,Meteor 350,349,33,33115,1,Fair,242820,110336
KTM,390 Duke,399,49,44037,2,Fair,281820,80393
Hero,Passion Pro,110,22,18936,1,Good,99800,64563
KTM,390 Duke,399,58,42628,1,Fair,281820,63279
Hero,Splendor Plus,97,95,90614,2,Fair,97460,18400
Yamaha,MT-15,155,32,37656,1,Good,142900,74674
Honda,SP 125,124,33,16902,1,Good,127320,67851
Royal Enfield,Classic 350,349,25,25883,1,Good,242820,147470
Yamaha,R15 V4,155,35,20038,1,Good,142900,72702
Yamaha,FZ-FI,149,36,38345,3,Fair,141820,52195
Suzuki,Gixxer,155,4,4663,2,Excellent,132900,117931
TVS,Radeon,109,67,78849,1,Fair,109620,22574
Bajaj,Pulsar NS200,199,51,47010,1,Fair,135820,38591
Yamaha,FZ-FI,149,60,54874,1,Fair,141820,30674
KTM,Duke 200,199,93,48500,3,Fair,245820,46846
KTM,Duke 200,199,16,11115,2,Excellent,245820,182969
Honda,SP 125,124,71,35926,1,Fair,127320,28580
KTM,RC 200,199,66,40885,3,Good,245820,54088
KTM,Duke 250,249,92,94395,2,Fair,254820,47719
Hero,Splendor Plus,97,29,25370,2,Good,97460,51873
Yamaha,MT-15,155,67,49392,2,Fair,142900,29372
Bajaj,Pulsar 125,125,64,41163,1,Fair,122500,27221
Yamaha,MT-15,155,4,3478,1,Excellent,142900,135189
KTM,Duke 250,249,26,31915,3,Fair,254820,115010
Hero,HF Deluxe,97,84,69461,1,Poor,97460,17396
Bajaj,Pulsar 150,149,20,24349,2,Good,126820,78832
Honda,Shine,123,31,38215,1,Excellent,127140,74351
TVS,Sport,109,84,86585,2,Fair,109620,20875
Bajaj,Dominar 400,373,93,75144,3,Fair,167140,30178
Yamaha,MT-15,155,72,85699,1,Good,142900,32993
KTM,Duke 200,199,18,17342,2,Excellent,245820,175504
Bajaj,Pulsar 150,149,71,63828,1,Fair,126820,26939
Hero,HF Deluxe,97,36,34779,3,Good,97460,41082
Honda,Shine,123,63,68522,2,Good,127140,28602
Bajaj,Pulsar 125,125,14,13899,3,Good,122500,78671
KTM,RC 200,199,3,3114,1,Good,245820,214434
KTM,Duke 200,199,75,78858,1,Fair,245820,50622
Bajaj,Pulsar 150,149,23,17884,1,Excellent,126820,88861
Honda,Shine,123,75,51023,1,Fair,127140,27711
Honda,Shine,123,92,80493,1,Fair,127140,26092
BMW,G 310 R,313,88,72757,1,Fair,406340,84749
Hero,HF Deluxe,97,5,4959,1,Good,97460,82623
Honda,SP 125,124,49,28326,2,Fair,127320,37435
Royal Enfield,Classic 350,349,91,110696,1,Fair,242820,46664
Bajaj,Dominar 400,373,49,57063,1,Fair,167140,49430
Honda,SP 125,124,49,35434,1,Good,127320,44690
KTM,RC 200,199,35,20898,2,Good,245820,117371
Honda,Shine,123,57,44646,3,Fair,127140,25715
Hero,Splendor Plus,97,86,95846,2,Poor,97460,15464
Triumph,Speed 400,398,71,68532,1,Fair,311640,65567
Bajaj,Pulsar NS200,199,49,60380,1,Fair,135820,39900
KTM,Duke 200,199,84,70229,2,Fair,245820,48446
Hero,Passion Pro,110,69,72146,1,Fair,99800,20841
Bajaj,Dominar 400,373,24,26893,1,Excellent,167140,113243
Honda,Hornet 2.0,184,36,19499,1,Good,138120,68885
Royal Enfield,Classic 350,349,77,54602,1,Poor,242820,44666
Suzuki,Gixxer,155,18,16126,2,Good,132900,86540
TVS,Apache RTR 200 4V,197,1,1000,2,Excellent,125460,116307
Suzuki,V-Strom SX,249,11,12469,1,Good,149820,115683
KTM,390 Duke,399,88,55654,1,Fair,281820,60861
Bajaj,Pulsar 125,125,78,70319,1,Fair,122500,25678
TVS,Sport,109,75,56555,1,Fair,109620,23630
TVS,Apache RTR 200 4V,197,39,45472,1,Excellent,125460,61281
Yamaha,FZ-FI,149,96,88064,1,Fair,141820,28641
TVS,Apache RTR 160,159,41,38592,1,Fair,118620,44858
Royal Enfield,Meteor 350,349,35,40164,1,Good,242820,118895
KTM,RC 200,199,14,13419,1,Excellent,245820,199582
KTM,RC 200,199,26,20130,2,Fair,245820,122573
Honda,Shine,123,5,3374,1,Excellent,127140,118785
Bajaj,Pulsar 150,149,33,34534,1,Good,126820,65372
Royal Enfield,Classic 350,349,11,9305,2,Excellent,242820,194803
BMW,G 310 R,313,40,43002,1,Fair,406340,155953
Royal Enfield,Meteor 350,349,33,34565,3,Good,242820,108889
Hero,Splendor Plus,97,72,38087,2,Good,97460,23295
Bajaj,Pulsar NS200,199,13,11216,1,Good,135820,102209
Bajaj,Pulsar 125,125,25,22227,2,Good,122500,70415
Royal Enfield,Hunter 350,349,65,51789,1,Fair,242820,52844
Hero,Passion Pro,110,10,7319,1,Excellent,99800,86666
Triumph,Speed 400,398,78,76625,1,Fair,311640,64477
Bajaj,Pulsar NS200,199,48,30660,1,Good,135820,49512
Royal Enfield,Himalayan,452,12,9538,1,Excellent,261360,219883
Royal Enfield,Hunter 350,349,18,18855,4,Excellent,242820,143449
Bajaj,Pulsar 125,125,88,78083,1,Fair,122500,25267
Honda,Shine,123,78,93516,1,Poor,127140,21570
Bajaj,Dominar 400,373,46,56695,1,Good,167140,61185
Honda,Hornet 2.0,184,67,41973,3,Good,138120,30326
Suzuki,V-Strom SX,249,56,66060,2,Fair,149820,32559
TVS,Apache RTR 200 4V,197,67,68161,3,Fair,125460,22982
Royal Enfield,Hunter 350,349,6,6165,2,Excellent,242820,209466
TVS,Sport,109,11,11292,1,Excellent,109620,93216
Bajaj,Dominar 400,373,13,16164,1,Excellent,167140,136961
KTM,RC 200,199,29,16510,1,Excellent,245820,155511
KTM,Duke 250,249,65,78024,2,Fair,254820,49413
Yamaha,R15 V4,155,40,42958,1,Good,142900,62391
Yamaha,MT-15,155,84,55840,2,Fair,142900,28997
Suzuki,Gixxer,155,65,61759,2,Fair,132900,26649
Hero,HF Deluxe,97,11,10863,2,Excellent,97460,77964
Suzuki,V-Strom SX,249,88,104048,1,Fair,149820,29222
Hero,HF Deluxe,97,54,60955,4,Good,97460,21678
Honda,Hornet 2.0,184,5,3244,1,Good,138120,117457
Yamaha,MT-15,155,62,75482,1,Fair,142900,29636
Hero,HF Deluxe,97,12,9867,2,Excellent,97460,77027
Royal Enfield,Hunter 350,349,11,6012,1,Excellent,242820,208486
TVS,Sport,109,92,72801,2,Fair,109620,21489
Yamaha,FZ-FI,149,95,110319,2,Fair,141820,25641
Honda,SP 125,124,34,25311,1,Good,127320,65464
TVS,Radeon,109,84,80097,2,Poor,109620,17990
Suzuki,Gixxer,155,73,70018,3,Poor,132900,20614
Honda,SP 125,124,1,1005,2,Excellent,127320,118030
KTM,RC 200,199,63,34254,2,Good,245820,59192
Hero,HF Deluxe,97,3,2547,2,Excellent,97460,87909
Honda,Shine,123,72,51910,1,Fair,127140,27662
Honda,SP 125,124,14,13093,2,Excellent,127320,97227
TVS,Sport,109,9,9616,2,Excellent,109620,90323
KTM,RC 200,199,15,9252,1,Excellent,245820,198215
TVS,Sport,109,92,100437,1,Fair,109620,21552
Royal Enfield,Himalayan,452,90,84059,1,Fair,261360,53235
BMW,G 310 R,313,29,25641,1,Fair,406340,202164
Bajaj,Pulsar NS200,199,32,37901,1,Excellent,135820,77957
TVS,Apache RTR 160,159,31,37355,1,Fair,118620,55587
Bajaj,Pulsar 125,125,51,43173,2,Fair,122500,32964
Hero,Splendor Plus,97,55,58427,1,Fair,97460,23721
KTM,390 Duke,399,61,33783,2,Fair,281820,59712
TVS,Sport,109,1,1000,3,Excellent,109620,94055
Hero,Splendor Plus,97,28,31260,2,Good,97460,52241
TVS,Apache RTR 200 4V,197,66,81524,1,Fair,125460,25691
Bajaj,Pulsar 125,125,85,56946,2,Poor,122500,21082
TVS,Apache RTR 200 4V,197,91,57135,1,Fair,125460,27013
Hero,HF Deluxe,97,73,82461,2,Poor,97460,15914
TVS,Apache RTR 200 4V,197,95,107197,2,Fair,125460,22842
Honda,Shine,123,28,21077,2,Fair,127140,61076
Bajaj,Pulsar 125,125,59,39824,3,Good,122500,27009
KTM,RC 200,199,33,40546,1,Good,245820,125251
TVS,Apache RTR 160,159,14,15936,2,Excellent,118620,90109
KTM,Duke 250,249,62,66305,3,Fair,254820,46856
KTM,Duke 200,199,75,56081,1,Fair,245820,53041
TVS,Apache RTR 200 4V,197,12,12998,1,Excellent,125460,104881
Triumph,Speed 400,398,53,56419,1,Fair,311640,81533
Bajaj,Dominar 400,373,63,39036,4,Fair,167140,29090
KTM,390 Duke,399,31,25753,1,Good,281820,153588
Suzuki,V-Strom SX,249,26,30196,1,Good,149820,88701
BMW,G 310 R,313,41,43178,1,Good,406340,173243
Bajaj,Pulsar 125,125,79,95359,1,Poor,122500,20700
Royal Enfield,Meteor 350,349,40,36079,1,Excellent,242820,118066
Hero,HF Deluxe,97,16,13158,3,Excellent,97460,66887
Bajaj,Pulsar NS200,199,34,19353,2,Good,135820,66382
Royal Enfield,Himalayan,452,13,7228,1,Excellent,261360,217717
Bajaj,Pulsar 125,125,64,64512,2,Fair,122500,24426
Bajaj,Dominar 400,373,60,39320,1,Fair,167140,37274
Bajaj,Dominar 400,373,45,26088,1,Fair,167140,58619
Honda,Shine,123,25,28977,3,Excellent,127140,73389
Honda,SP 125,124,18,10762,1,Excellent,127320,97885
Honda,Hornet 2.0,184,33,26980,2,Good,138120,67895
Bajaj,Dominar 400,373,9,6485,1,Good,167140,134087
Yamaha,R15 V4,155,6,6853,2,Excellent,142900,123116
TVS,Sport,109,15,11509,2,Good,109620,75297
Honda,SP 125,124,76,57672,1,Poor,127320,23277
Honda,SP 125,124,82,93484,1,Fair,127320,25414
Suzuki,V-Strom SX,249,86,83511,1,Fair,149820,30551
TVS,Sport,109,30,15427,2,Good,109620,58345
Hero,HF Deluxe,97,10,7249,2,Good,97460,72405
Royal Enfield,Meteor 350,349,40,28402,1,Fair,242820,95848
Triumph,Speed 400,398,28,31099,2,Excellent,311640,183624
Yamaha,FZ-FI,149,50,42483,2,Fair,141820,39397
Bajaj,Pulsar NS200,199,8,6690,1,Excellent,135820,121302
BMW,G 310 R,313,82,73522,3,Poor,406340,62573
KTM,Duke 200,199,42,35309,2,Excellent,245820,107326
KTM,RC 200,199,53,57309,1,Fair,245820,64198
Honda,Hornet 2.0,184,32,20926,1,Excellent,138120,81877
Royal Enfield,Hunter 350,349,59,64148,3,Fair,242820,44846
TVS,Radeon,109,91,83645,1,Fair,109620,22347
Hero,HF Deluxe,97,26,26541,1,Good,97460,58102
TVS,Sport,109,91,105471,1,Fair,109620,21314
KTM,Duke 250,249,22,20727,1,Good,254820,164300
TVS,Sport,109,65,49299,3,Fair,109620,20857
Bajaj,Pulsar 150,149,36,38364,3,Fair,126820,46673
KTM,390 Duke,399,27,32728,1,Fair,281820,143429
Suzuki,V-Strom SX,249,94,85951,2,Fair,149820,28570
Yamaha,MT-15,155,68,39729,1,Fair,142900,31843
Bajaj,Pulsar 150,149,76,84467,1,Poor,126820,21937
KTM,390 Duke,399,65,46838,1,Fair,281820,61934
Triumph,Speed 400,398,38,30556,1,Good,311640,145789
TVS,Apache RTR 160,159,85,98400,2,Poor,118620,18717
TVS,Apache RTR 160,159,44,43125,2,Good,118620,44175
Yamaha,R15 V4,155,86,58390,1,Poor,142900,26087
BMW,G 310 R,313,14,10136,1,Excellent,406340,331906
Suzuki,V-Strom SX,249,58,72121,1,Good,149820,36065
Hero,Passion Pro,110,39,37175,1,Fair,99800,39632
Honda,Shine,123,9,5190,2,Excellent,127140,105608
KTM,Duke 250,249,82,75546,1,Fair,254820,52840
Yamaha,R15 V4,155,36,18260,2,Good,142900,67148
KTM,390 Duke,399,26,24042,1,Good,281820,168806
BMW,G 310 R,313,57,36688,1,Fair,406340,95939
Bajaj,Dominar 400,373,84,66678,2,Fair,167140,33181
Yamaha,MT-15,155,71,58587,3,Good,142900,30360
Royal Enfield,Hunter 350,349,90,52855,1,Fair,242820,52732
TVS,Apache RTR 160,159,83,79698,1,Poor,118620,20727
Royal Enfield,Meteor 350,349,68,70784,3,Fair,242820,44240
TVS,Sport,109,58,36588,2,Fair,109620,23409
Yamaha,FZ-FI,149,76,52718,1,Fair,141820,30806
Royal Enfield,Meteor 350,349,48,35397,2,Fair,242820,72489
KTM,RC 200,199,73,71671,2,Fair,245820,48302
Bajaj,Dominar 400,373,8,7879,2,Good,167140,127413
Hero,Splendor Plus,97,93,48672,1,Fair,97460,21341
Royal Enfield,Hunter 350,349,95,58057,2,Fair,242820,49055
Suzuki,Gixxer,155,78,52427,2,Poor,132900,23079
Yamaha,R15 V4,155,37,20827,2,Fair,142900,57508
Suzuki,V-Strom SX,249,46,29622,1,Fair,149820,50832
Bajaj,Pulsar 150,149,40,42117,1,Good,126820,55461
TVS,Sport,109,1,1000,1,Good,109620,98379
TVS,Sport,109,93,105771,1,Fair,109620,21299
BMW,G 310 R,313,89,57792,1,Poor,406340,74270
KTM,Duke 250,249,4,2847,1,Excellent,254820,241345
Honda,Shine,123,28,27723,3,Good,127140,63500
TVS,Sport,109,74,68170,1,Fair,109620,23080
KTM,390 Duke,399,92,64880,1,Fair,281820,59737
KTM,390 Duke,399,47,41316,2,Good,281820,97289
Bajaj,Dominar 400,373,58,32784,2,Fair,167140,35954
TVS,Sport,109,89,47211,3,Fair,109620,20943
Honda,Hornet 2.0,184,27,13764,2,Fair,138120,68474
Royal Enfield,Himalayan,452,3,2532,1,Excellent,261360,250802
Yamaha,R15 V4,155,90,55849,1,Fair,142900,30848
TVS,Sport,109,91,46721,1,Fair,109620,24096
Triumph,Speed 400,398,36,27445,2,Fair,311640,126536
Royal Enfield,Meteor 350,349,76,80642,1,Fair,242820,49817
Royal Enfield,Hunter 350,349,88,78907,2,Fair,242820,46999
Honda,Hornet 2.0,184,74,77766,4,Fair,138120,22236
Honda,Hornet 2.0,184,77,69628,2,Fair,138120,27254
Yamaha,MT-15,155,63,66676,2,Fair,142900,28369
Royal Enfield,Hunter 350,349,26,15797,2,Fair,242820,122057
Bajaj,Pulsar 125,125,56,59789,1,Fair,122500,28684
Bajaj,Pulsar 125,125,26,29364,1,Good,122500,72641
Hero,HF Deluxe,97,63,66110,1,Fair,97460,20606
Suzuki,Gixxer,155,65,40609,3,Good,132900,29257
TVS,Sport,109,61,70193,1,Fair,109620,22984
KTM,Duke 250,249,40,48431,1,Good,254820,110069
Honda,SP 125,124,80,66138,1,Fair,127320,26919
Hero,Passion Pro,110,34,38669,2,Good,99800,47020
Royal Enfield,Meteor 350,349,61,44878,1,Fair,242820,53569
Royal Enfield,Hunter 350,349,61,32744,1,Fair,242820,54842
Hero,HF Deluxe,97,64,76339,2,Fair,97460,18965
KTM,Duke 250,249,37,39346,3,Good,254820,104223
Triumph,Speed 400,398,64,66100,1,Good,311640,74955
TVS,Apache RTR 160,159,49,25720,2,Good,118620,39869
Bajaj,Pulsar 150,149,58,42556,1,Fair,126820,28480
Bajaj,Dominar 400,373,93,104145,1,Fair,167140,32593
Suzuki,Gixxer,155,88,62452,1,Poor,132900,24063
Yamaha,R15 V4,155,81,61830,1,Poor,142900,25907
KTM,Duke 250,249,82,62728,2,Fair,254820,50996
Bajaj,Pulsar 150,149,56,44705,3,Fair,126820,26621
BMW,G 310 R,313,43,52362,2,Good,406340,152374
Honda,Shine,123,18,18352,1,Excellent,127140,96385
TVS,Radeon,109,27,27668,1,Good,109620,64075
TVS,Apache RTR 160,159,22,25441,1,Excellent,118620,83306
Hero,Splendor Plus,97,26,15922,2,Good,97460,55712
Royal Enfield,Classic 350,349,41,39182,1,Fair,242820,91722
KTM,Duke 250,249,2,1687,2,Excellent,254820,233072
Bajaj,Pulsar 125,125,81,69520,1,Poor,122500,21862
TVS,Apache RTR 160,159,18,17914,2,Excellent,118620,84599
Bajaj,Pulsar NS200,199,89,60523,2,Fair,135820,27302
Honda,Hornet 2.0,184,62,68095,1,Good,138120,33085
Hero,Passion Pro,110,7,8336,1,Good,99800,81941
TVS,Apache RTR 160,159,69,49670,3,Good,118620,25654
Yamaha,MT-15,155,79,75289,1,Poor,142900,25200
TVS,Sport,109,2,1744,1,Good,109620,97054
TVS,Apache RTR 200 4V,197,63,48583,1,Good,125460,31255
Triumph,Speed 400,398,93,109798,1,Fair,311640,60011
Suzuki,Gixxer,155,16,10320,1,Excellent,132900,105388
KTM,390 Duke,399,33,28543,1,Fair,281820,129179
TVS,Radeon,109,12,9361,1,Good,109620,83950
Honda,Hornet 2.0,184,36,22912,4,Excellent,138120,58669
BMW,G 310 R,313,93,59423,2,Poor,406340,69585
Honda,Shine,123,52,50220,1,Good,127140,39569
Royal Enfield,Classic 350,349,26,26323,4,Excellent,242820,124132
KTM,RC 200,199,63,57240,2,Fair,245820,49743
Yamaha,FZ-FI,149,29,15361,1,Fair,141820,71927
Honda,Hornet 2.0,184,68,43420,1,Fair,138120,30558
Royal Enfield,Meteor 350,349,52,34200,1,Fair,242820,68543
Yamaha,MT-15,155,13,12677,2,Good,142900,100813
Yamaha,R15 V4,155,41,36896,1,Fair,142900,54217
Royal Enfield,Meteor 350,349,22,25413,2,Good,242820,145880
Yamaha,R15 V4,155,78,63800,1,Fair,142900,30357
Honda,Shine,123,53,43014,2,Fair,127140,32107
Yamaha,MT-15,155,83,75570,1,Fair,142900,29630
Suzuki,V-Strom SX,249,50,53283,1,Fair,149820,43344
KTM,RC 200,199,4,4590,1,Excellent,245820,232087
Suzuki,V-Strom SX,249,84,43795,1,Poor,149820,28153
Hero,Passion Pro,110,90,88728,2,Fair,99800,18919
Yamaha,R15 V4,155,1,1143,1,Good,142900,128214
Suzuki,Gixxer,155,46,41204,2,Good,132900,47152
Royal Enfield,Himalayan,452,34,21785,2,Good,261360,127161
Hero,Splendor Plus,97,75,46650,3,Poor,97460,15844
Bajaj,Pulsar NS200,199,46,41481,2,Fair,135820,42340
Royal Enfield,Classic 350,349,14,11360,2,Excellent,242820,186021
KTM,RC 200,199,72,74879,1,Good,245820,58063
Hero,Passion Pro,110,64,56287,1,Fair,99800,21525
KTM,390 Duke,399,12,7160,3,Excellent,281820,207172
Royal Enfield,Classic 350,349,67,81479,1,Fair,242820,49729
Yamaha,FZ-FI,149,72,55271,3,Fair,141820,26665
Bajaj,Dominar 400,373,38,37879,1,Good,167140,77099
Hero,HF Deluxe,97,13,13843,1,Good,97460,72988
Hero,HF Deluxe,97,66,57533,2,Fair,97460,19710
Royal Enfield,Meteor 350,349,33,26499,1,Good,242820,127097
Bajaj,Pulsar NS200,199,32,39792,1,Good,135820,70682
TVS,Apache RTR 200 4V,197,60,66731,1,Good,125460,30136
Hero,Passion Pro,110,10,5291,3,Good,99800,68868
Bajaj,Dominar 400,373,45,50691,1,Good,167140,63580
Yamaha,MT-15,155,60,59854,1,Good,142900,34808
Yamaha,FZ-FI,149,58,53014,3,Fair,141820,27143
Royal Enfield,Hunter 350,349,45,25298,1,Good,242820,97015
TVS,Radeon,109,8,8093,1,Excellent,109620,97652
Honda,Hornet 2.0,184,5,5328,2,Excellent,138120,120872
BMW,G 310 R,313,82,82515,4,Fair,406340,64768
Honda,SP 125,124,29,32936,3,Fair,127320,54351
Yamaha,MT-15,155,4,2210,1,Good,142900,123304
Bajaj,Pulsar NS200,199,81,97977,3,Fair,135820,23357
Honda,Hornet 2.0,184,42,40408,1,Excellent,138120,63524
BMW,G 310 R,313,5,4003,2,Excellent,406340,356454
Bajaj,Pulsar 150,149,39,36665,3,Good,126820,49889
KTM,Duke 250,249,70,46412,2,Fair,254820,52684
Bajaj,Pulsar 150,149,96,57965,1,Fair,126820,27261
Hero,Splendor Plus,97,74,70243,1,Fair,97460,20432
KTM,RC 200,199,75,53259,1,Poor,245820,45339
TVS,Sport,109,77,45418,1,Fair,109620,24157
Honda,Shine,123,29,34368,1,Excellent,127140,77767
Yamaha,MT-15,155,59,65264,1,Fair,142900,30267
Suzuki,V-Strom SX,249,57,56197,2,Fair,149820,32000
Hero,Passion Pro,110,63,33554,3,Fair,99800,19579
Hero,HF Deluxe,97,25,13128,2,Excellent,97460,62613
Suzuki,V-Strom SX,249,31,28232,1,Good,149820,81268
Royal Enfield,Himalayan,452,11,8738,1,Excellent,261360,223292
Hero,HF Deluxe,97,88,44348,2,Fair,97460,20231
KTM,RC 200,199,83,74507,4,Poor,245820,33869
Hero,HF Deluxe,97,2,1762,3,Good,97460,75068
Bajaj,Dominar 400,373,46,42786,3,Excellent,167140,60127
TVS,Apache RTR 200 4V,197,44,40434,1,Good,125460,49965
Royal Enfield,Classic 350,349,54,45585,2,Fair,242820,59001
Triumph,Speed 400,398,6,6974,2,Good,311640,244277
KTM,RC 200,199,12,14587,2,Good,245820,175268
Royal Enfield,Classic 350,349,49,28820,1,Good,242820,86315
Royal Enfield,Meteor 350,349,71,72916,1,Good,242820,57589
Triumph,Speed 400,398,31,20289,2,Fair,311640,141799
TVS,Radeon,109,87,72608,2,Fair,109620,21498
TVS,Apache RTR 160,159,67,64144,3,Fair,118620,21908
KTM,Duke 250,249,39,23060,2,Fair,254820,97712
Yamaha,FZ-FI,149,46,41017,1,Excellent,141820,58844
Suzuki,Gixxer,155,40,35771,1,Excellent,132900,64658
Triumph,Speed 400,398,71,86118,1,Fair,311640,63199
KTM,Duke 250,249,38,21749,2,Good,254820,113935
Honda,Shine,123,82,79755,1,Fair,127140,26133
Royal Enfield,Hunter 350,349,50,41059,3,Good,242820,71213
Hero,Splendor Plus,97,5,3727,1,Good,97460,82808
TVS,Radeon,109,74,70484,1,Fair,109620,22970
KTM,Duke 200,199,61,62764,2,Good,245820,55955
Hero,Passion Pro,110,89,65577,2,Fair,99800,19857
TVS,Radeon,109,26,26632,1,Fair,109620,57442
KTM,390 Duke,399,29,25144,1,Excellent,281820,175430
Bajaj,Pulsar 150,149,14,7262,2,Excellent,126820,97886
Bajaj,Pulsar 150,149,67,75510,2,Fair,126820,24721
Yamaha,MT-15,155,47,57871,1,Excellent,142900,55814
TVS,Apache RTR 160,159,25,30242,2,Excellent,118620,73803
Hero,Splendor Plus,97,14,11518,1,Excellent,97460,79405
Triumph,Speed 400,398,56,62974,1,Fair,311640,72504
Yamaha,MT-15,155,40,36662,2,Good,142900,59368
Royal Enfield,Meteor 350,349,15,14101,1,Excellent,242820,194058
Bajaj,Pulsar 150,149,84,96717,1,Poor,126820,21367
Hero,HF Deluxe,97,29,29817,1,Good,97460,54721
Bajaj,Pulsar NS200,199,62,41515,2,Fair,135820,28351
Royal Enfield,Hunter 350,349,88,105359,3,Fair,242820,41085
Bajaj,Pulsar 150,149,22,16752,3,Good,126820,71668
Royal Enfield,Classic 350,349,45,43563,1,Good,242820,93674
TVS,Sport,109,58,55504,1,Fair,109620,23996
Royal Enfield,Hunter 350,349,53,47783,1,Fair,242820,64627
Hero,Splendor Plus,97,31,23866,3,Good,97460,46374
Royal Enfield,Hunter 350,349,28,30525,2,Excellent,242820,143231
Bajaj,Pulsar 125,125,36,44090,3,Good,122500,50714
Royal Enfield,Classic 350,349,63,32783,2,Fair,242820,51547
KTM,Duke 250,249,28,17472,1,Excellent,254820,163879
TVS,Apache RTR 160,159,3,2733,3,Good,118620,90085
Triumph,Speed 400,398,81,98093,2,Fair,311640,57892
KTM,Duke 250,249,21,18688,3,Excellent,254820,160248
Bajaj,Pulsar 150,149,47,56129,1,Fair,126820,39765
Suzuki,Gixxer,155,51,56622,1,Fair,132900,37047
Royal Enfield,Himalayan,452,13,6610,1,Excellent,261360,217963
Triumph,Speed 400,398,77,76229,1,Fair,311640,64531
Royal Enfield,Classic 350,349,8,6686,1,Excellent,242820,216867
KTM,Duke 250,249,94,73785,1,Fair,254820,53034
Bajaj,Dominar 400,373,62,34636,2,Good,167140,40217
Bajaj,Pulsar 125,125,49,27139,1,Fair,122500,38403
Yamaha,MT-15,155,35,27099,3,Fair,142900,54872
TVS,Sport,109,1,1000,1,Good,109620,98379
TVS,Sport,109,43,41088,2,Excellent,109620,46184
Hero,Splendor Plus,97,25,19410,3,Fair,97460,45823
Royal Enfield,Hunter 350,349,41,40391,1,Fair,242820,91507
Bajaj,Pulsar NS200,199,89,55556,1,Fair,135820,29337
Yamaha,FZ-FI,149,46,33664,4,Good,141820,42364
Bajaj,Pulsar 150,149,60,41397,3,Fair,126820,24506
Bajaj,Pulsar 150,149,37,42545,2,Good,126820,55696
Suzuki,V-Strom SX,249,52,45716,1,Fair,149820,41357
Honda,Shine,123,52,51040,1,Fair,127140,34730
Royal Enfield,Himalayan,452,34,37581,1,Excellent,261360,144258
Bajaj,Pulsar NS200,199,72,60037,2,Good,135820,31087
Hero,Splendor Plus,97,47,45220,4,Excellent,97460,30446
KTM,Duke 250,249,64,63452,1,Fair,254820,54171
Honda,Shine,123,21,11961,1,Good,127140,84678
Honda,Hornet 2.0,184,66,81065,3,Good,138120,28018
Royal Enfield,Classic 350,349,49,43962,1,Fair,242820,73700
Yamaha,MT-15,155,75,60288,1,Fair,142900,30574
TVS,Apache RTR 200 4V,197,45,34200,2,Good,125460,46327
Royal Enfield,Himalayan,452,63,35734,2,Fair,261360,55170
BMW,G 310 R,313,42,29165,4,Excellent,406340,148952
KTM,RC 200,199,17,8856,1,Excellent,245820,192553
TVS,Sport,109,63,77288,3,Fair,109620,19704
Royal Enfield,Himalayan,452,10,8274,2,Good,261360,193809
Yamaha,FZ-FI,149,90,92052,1,Fair,141820,28397
Honda,SP 125,124,74,68390,2,Poor,127320,21409
Yamaha,R15 V4,155,6,3011,2,Excellent,142900,123978
KTM,Duke 250,249,58,66983,1,Good,254820,61994
Bajaj,Dominar 400,373,75,63398,1,Fair,167140,35535
KTM,Duke 250,249,96,94726,1,Fair,254820,50729
Yamaha,FZ-FI,149,75,51336,2,Fair,141820,29038
Suzuki,Gixxer,155,93,52893,4,Fair,132900,22510
Yamaha,MT-15,155,38,42622,3,Excellent,142900,62443
TVS,Apache RTR 160,159,58,53740,2,Fair,118620,24494
Bajaj,Pulsar 125,125,57,64501,2,Good,122500,29268
KTM,Duke 250,249,38,22980,2,Excellent,254820,124914
TVS,Sport,109,19,11045,1,Excellent,109620,82944
TVS,Radeon,109,55,44149,2,Fair,109620,25800
Yamaha,FZ-FI,149,6,4192,1,Excellent,141820,130615
Suzuki,Gixxer,155,37,40703,1,Excellent,132900,68478
Yamaha,R15 V4,155,28,30920,2,Fair,142900,67382
Bajaj,Pulsar 125,125,71,56509,1,Good,122500,30040
Suzuki,V-Strom SX,249,44,27630,1,Fair,149820,53758
Yamaha,R15 V4,155,46,47887,1,Good,142900,53235
KTM,Duke 250,249,92,113131,2,Fair,254820,45780
KTM,Duke 250,249,33,21831,2,Fair,254820,111193
Yamaha,MT-15,155,5,2693,3,Excellent,142900,116297
TVS,Apache RTR 160,159,94,102147,1,Poor,118620,19749
KTM,Duke 250,249,57,35682,1,Good,254820,68569
Bajaj,Pulsar 150,149,72,59068,3,Good,126820,26918
KTM,Duke 250,249,24,12853,1,Excellent,254820,177234
Yamaha,MT-15,155,33,24954,4,Excellent,142900,64299
Suzuki,V-Strom SX,249,40,42876,2,Fair,149820,54064
Royal Enfield,Meteor 350,349,9,10046,3,Excellent,242820,185030
KTM,Duke 250,249,65,52462,1,Good,254820,62996
KTM,Duke 200,199,21,14759,2,Good,245820,153106
KTM,RC 200,199,68,79985,2,Fair,245820,47472
Honda,Hornet 2.0,184,70,64777,2,Good,138120,31311
KTM,Duke 250,249,84,96843,1,Poor,254820,42921
Royal Enfield,Meteor 350,349,12,7544,4,Excellent,242820,159924
Honda,Hornet 2.0,184,87,76882,4,Poor,138120,18936
TVS,Radeon,109,91,105029,4,Poor,109620,15000
TVS,Radeon,109,41,23586,2,Good,109620,45612
Yamaha,FZ-FI,149,77,60254,2,Fair,141820,28524
TVS,Sport,109,50,35221,1,Fair,109620,32854
Yamaha,R15 V4,155,77,52717,3,Poor,142900,22955
Suzuki,Gixxer,155,66,57398,2,Good,132900,30581
Honda,Hornet 2.0,184,19,17163,3,Good,138120,81809
Yamaha,MT-15,155,71,57660,1,Good,142900,34962
Hero,Passion Pro,110,19,15354,1,Excellent,99800,74916
KTM,Duke 200,199,32,36425,1,Good,245820,128762
Royal Enfield,Hunter 350,349,56,37093,2,Fair,242820,55894
KTM,Duke 250,249,36,36908,3,Fair,254820,94045
Triumph,Speed 400,398,86,57001,2,Fair,311640,63092
Bajaj,Dominar 400,373,41,30308,2,Good,167140,68667
Suzuki,V-Strom SX,249,57,55625,3,Good,149820,33728
TVS,Apache RTR 200 4V,197,60,31709,4,Fair,125460,22145
KTM,Duke 200,199,56,61697,1,Fair,245820,57339
TVS,Radeon,109,92,69044,2,Fair,109620,21656
Honda,Hornet 2.0,184,1,1000,2,Excellent,138120,128043
Suzuki,Gixxer,155,31,34369,1,Good,132900,71251
Bajaj,Dominar 400,373,57,29020,3,Fair,167140,34839
Honda,Shine,123,29,22600,2,Good,127140,68024
KTM,RC 200,199,81,54863,2,Fair,245820,49980
Yamaha,R15 V4,155,92,60268,1,Fair,142900,30575
Royal Enfield,Meteor 350,349,73,46107,1,Fair,242820,53440
Bajaj,Pulsar 125,125,75,87817,1,Fair,122500,24752
Hero,Passion Pro,110,15,12210,2,Excellent,99800,75235
Yamaha,FZ-FI,149,79,77629,2,Poor,141820,23395
Bajaj,Dominar 400,373,94,109871,2,Fair,167140,30249
Royal Enfield,Himalayan,452,49,30293,4,Fair,261360,63528
Suzuki,Gixxer,155,51,60628,2,Fair,132900,34545
Bajaj,Pulsar 150,149,68,39270,1,Fair,126820,28285
KTM,Duke 250,249,83,94166,2,Poor,254820,40581
TVS,Radeon,109,82,50938,1,Fair,109620,23896
TVS,Apache RTR 200 4V,197,80,89581,3,Poor,125460,18676
Royal Enfield,Meteor 350,349,73,84594,1,Fair,242820,49403
Honda,SP 125,124,80,97961,2,Fair,127320,23658
TVS,Radeon,109,56,57647,2,Good,109620,27564
Honda,Shine,123,86,49807,4,Fair,127140,21666
Honda,Hornet 2.0,184,43,52818,1,Fair,138120,48395
Honda,Shine,123,92,57177,3,Fair,127140,23814
TVS,Radeon,109,43,23385,2,Fair,109620,38218
Yamaha,MT-15,155,16,15124,1,Good,142900,102211
Royal Enfield,Classic 350,349,34,28530,2,Good,242820,116648
Honda,Hornet 2.0,184,92,92060,1,Poor,138120,23507
Suzuki,Gixxer,155,79,98636,1,Fair,132900,26233
TVS,Sport,109,60,30558,1,Fair,109620,24861
TVS,Apache RTR 160,159,49,31872,2,Good,118620,39406
KTM,Duke 250,249,50,50852,2,Fair,254820,69633
Bajaj,Pulsar NS200,199,59,58447,4,Fair,135820,22750
Royal Enfield,Himalayan,452,73,59690,2,Fair,261360,52627
Bajaj,Pulsar NS200,199,94,66201,3,Poor,135820,21232
Bajaj,Pulsar NS200,199,77,48360,2,Poor,135820,23777
Hero,Passion Pro,110,25,23962,1,Fair,99800,53477
Royal Enfield,Classic 350,349,96,93581,3,Poor,242820,35836
Yamaha,FZ-FI,149,88,61040,2,Fair,141820,28479
Yamaha,R15 V4,155,84,48885,1,Fair,142900,31278
Royal Enfield,Hunter 350,349,33,33735,1,Good,242820,125359
Yamaha,R15 V4,155,80,50545,2,Poor,142900,24909
TVS,Apache RTR 160,159,87,74210,1,Fair,118620,24665
Triumph,Speed 400,398,66,75648,1,Good,311640,73492
BMW,G 310 R,313,63,66372,1,Fair,406340,85870
Yamaha,MT-15,155,21,24993,1,Good,142900,92893
Bajaj,Pulsar 125,125,2,2045,1,Excellent,122500,119119
Hero,Splendor Plus,97,36,22815,1,Excellent,97460,53083
BMW,G 310 R,313,78,55192,1,Fair,406340,87833
Hero,HF Deluxe,97,38,23596,2,Excellent,97460,47720
KTM,RC 200,199,58,65872,2,Fair,245820,49533
KTM,Duke 250,249,17,16891,1,Excellent,254820,196669
KTM,Duke 250,249,50,58931,3,Fair,254820,63416
Bajaj,Pulsar 125,125,64,63516,1,Fair,122500,26038
BMW,G 310 R,313,37,23482,2,Good,406340,185087
Suzuki,V-Strom SX,249,63,69025,1,Good,149820,35819
KTM,Duke 200,199,14,7074,1,Excellent,245820,201918
Honda,Hornet 2.0,184,3,2804,1,Good,138120,120552
Hero,Splendor Plus,97,82,92571,3,Fair,97460,16958
Royal Enfield,Hunter 350,349,6,4429,2,Excellent,242820,210128
Honda,Shine,123,79,76133,1,Fair,127140,26332
Honda,SP 125,124,62,41190,1,Fair,127320,28291
Suzuki,V-Strom SX,249,30,27567,1,Excellent,149820,91126
Yamaha,MT-15,155,82,100870,2,Fair,142900,26384
Suzuki,Gixxer,155,84,73456,1,Poor,132900,23526
Suzuki,Gixxer,155,55,55942,1,Fair,132900,32508
Honda,Hornet 2.0,184,90,63891,2,Poor,138120,23439
Honda,Hornet 2.0,184,66,39029,1,Fair,138120,30820
KTM,Duke 200,199,26,22634,1,Good,245820,147632
Bajaj,Pulsar 150,149,14,15227,2,Good,126820,87783
Bajaj,Dominar 400,373,77,91155,3,Poor,167140,24796
KTM,Duke 250,249,54,50613,1,Fair,254820,65219
Royal Enfield,Classic 350,349,95,79024,4,Fair,242820,38990
TVS,Apache RTR 160,159,64,52984,1,Fair,118620,25753
Bajaj,Dominar 400,373,16,18667,2,Excellent,167140,122680
Honda,Hornet 2.0,184,94,110886,1,Poor,138120,22552
Royal Enfield,Himalayan,452,44,23740,1,Good,261360,107462
TVS,Apache RTR 200 4V,197,3,2916,1,Excellent,125460,120308
Royal Enfield,Hunter 350,349,34,32878,1,Good,242820,123070
Bajaj,Dominar 400,373,76,43736,1,Fair,167140,36955
Suzuki,Gixxer,155,81,67142,1,Fair,132900,28041
KTM,390 Duke,399,51,42498,1,Good,281820,91893
Royal Enfield,Meteor 350,349,44,27130,4,Fair,242820,68024
Suzuki,V-Strom SX,249,14,11967,1,Excellent,149820,121965
Suzuki,Gixxer,155,88,74832,3,Fair,132900,24011
Honda,SP 125,124,49,33542,2,Fair,127320,37065
BMW,G 310 R,313,76,55901,1,Poor,406340,74552
Suzuki,Gixxer,155,87,103987,1,Fair,132900,25925
TVS,Apache RTR 200 4V,197,52,42587,1,Fair,125460,34845
Hero,Passion Pro,110,39,48090,1,Good,99800,44132
Bajaj,Pulsar 150,149,33,37218,2,Good,126820,61133
Bajaj,Dominar 400,373,4,2956,2,Excellent,167140,148774
Royal Enfield,Classic 350,349,22,16108,2,Excellent,242820,163121
Honda,Hornet 2.0,184,72,54616,1,Good,138120,33999
Honda,SP 125,124,61,55176,1,Fair,127320,27521
Honda,SP 125,124,29,19551,1,Fair,127320,64073
KTM,Duke 200,199,4,3367,1,Excellent,245820,232602
Royal Enfield,Classic 350,349,88,56856,4,Fair,242820,40803
Bajaj,Pulsar NS200,199,84,80048,1,Fair,135820,27900
Yamaha,MT-15,155,23,25874,1,Excellent,142900,98641
Hero,Passion Pro,110,48,35070,3,Good,99800,31386
KTM,Duke 250,249,20,20908,2,Excellent,254820,175192
Honda,Hornet 2.0,184,59,50494,2,Good,138120,32222
Suzuki,Gixxer,155,29,30860,2,Fair,132900,61541
Royal Enfield,Classic 350,349,52,29127,1,Fair,242820,69210
Honda,Shine,123,79,79486,3,Fair,127140,22748
Suzuki,Gixxer,155,87,44789,2,Fair,132900,27565
Hero,Passion Pro,110,61,53677,1,Fair,99800,21637
TVS,Apache RTR 160,159,73,59263,2,Fair,118620,23906
BMW,G 310 R,313,49,50398,1,Fair,406340,121780
Hero,Splendor Plus,97,56,30216,2,Good,97460,25857
TVS,Apache RTR 200 4V,197,23,26204,3,Excellent,125460,75297
Yamaha,R15 V4,155,59,54072,1,Fair,142900,30957
Yamaha,MT-15,155,12,6773,1,Excellent,142900,120831
Triumph,Speed 400,398,21,22050,1,Good,311640,203707
Hero,Passion Pro,110,94,115329,1,Fair,99800,18979
Royal Enfield,Hunter 350,349,3,1888,2,Excellent,242820,219286
Honda,SP 125,124,72,82783,1,Fair,127320,26003
Honda,SP 125,124,57,34354,1,Good,127320,34348
Honda,Hornet 2.0,184,35,27786,1,Good,138120,69253
Hero,HF Deluxe,97,38,23118,2,Good,97460,43464
Yamaha,MT-15,155,31,19089,2,Fair,142900,65166
BMW,G 310 R,313,22,19164,1,Good,406340,262762
Honda,SP 125,124,27,17467,2,Excellent,127320,78360
Royal Enfield,Meteor 350,349,73,59745,1,Fair,242820,52009
Royal Enfield,Hunter 350,349,96,72518,2,Fair,242820,47629
KTM,Duke 250,249,82,91464,3,Fair,254820,44446
Hero,Splendor Plus,97,14,7596,2,Excellent,97460,75179
Yamaha,FZ-FI,149,7,4891,1,Excellent,141820,128763
TVS,Radeon,109,65,64282,1,Fair,109620,23264
TVS,Sport,109,15,9233,1,Excellent,109620,88394
Royal Enfield,Himalayan,452,35,27507,3,Fair,261360,100281
Royal Enfield,Himalayan,452,66,77326,1,Good,261360,61420
Yamaha,MT-15,155,51,61239,2,Fair,142900,37098
Royal Enfield,Hunter 350,349,35,21908,1,Fair,242820,108225
KTM,Duke 200,199,76,56790,1,Fair,245820,52966
TVS,Apache RTR 160,159,53,62885,2,Fair,118620,28794
Royal Enfield,Himalayan,452,23,14011,3,Excellent,261360,160473
Hero,HF Deluxe,97,79,91460,1,Poor,97460,16608
KTM,Duke 200,199,86,102837,1,Fair,245820,48076
Royal Enfield,Classic 350,349,18,19194,1,Excellent,242820,183793
TVS,Radeon,109,93,104032,1,Poor,109620,18174
BMW,G 310 R,313,26,19725,2,Good,406340,230646
TVS,Apache RTR 160,159,62,69244,1,Fair,118620,24920
Yamaha,R15 V4,155,13,12211,2,Excellent,142900,110879
Bajaj,Pulsar 150,149,56,41456,1,Fair,126820,30794
BMW,G 310 R,313,30,36946,2,Excellent,406340,228197
Royal Enfield,Himalayan,452,24,14222,2,Good,261360,155105
TVS,Sport,109,20,23700,1,Excellent,109620,79757
KTM,Duke 250,249,63,70163,2,Fair,254820,50227
KTM,Duke 250,249,45,32274,3,Excellent,254820,96054
Yamaha,MT-15,155,37,41734,2,Good,142900,62858
Honda,Shine,123,10,5165,2,Excellent,127140,104192
Bajaj,Pulsar NS200,199,96,96999,2,Fair,135820,25291
Royal Enfield,Himalayan,452,90,101262,2,Fair,261360,48215
KTM,390 Duke,399,9,7195,2,Good,281820,212248
Suzuki,V-Strom SX,249,75,78953,1,Fair,149820,30846
Triumph,Speed 400,398,89,63576,2,Fair,311640,62260
KTM,Duke 200,199,37,31736,2,Good,245820,110233
KTM,390 Duke,399,80,61182,3,Fair,281820,52363
Royal Enfield,Meteor 350,349,30,36074,3,Fair,242820,101138
KTM,Duke 250,249,75,46801,2,Fair,254820,52644
Royal Enfield,Classic 350,349,53,31420,2,Good,242820,71329
Yamaha,MT-15,155,19,19138,3,Excellent,142900,92671
Bajaj,Pulsar NS200,199,48,39853,1,Good,135820,48645
Honda,Hornet 2.0,184,64,41140,3,Fair,138120,26703
Honda,Shine,123,56,65679,1,Fair,127140,29417
KTM,RC 200,199,22,13519,2,Excellent,245820,165929
Royal Enfield,Classic 350,349,50,37967,3,Fair,242820,62981
Honda,SP 125,124,92,51396,1,Poor,127320,23570
Yamaha,FZ-FI,149,66,45404,1,Fair,141820,31255
Suzuki,V-Strom SX,249,72,67987,1,Fair,149820,31556
Bajaj,Pulsar 150,149,88,104254,2,Fair,126820,23241
TVS,Apache RTR 160,159,95,76868,2,Fair,118620,23058
Honda,Shine,123,71,40481,1,Good,127140,32180
KTM,Duke 200,199,51,41068,1,Fair,245820,70662
Yamaha,MT-15,155,88,95467,3,Poor,142900,21003
Hero,Passion Pro,110,76,93614,1,Fair,99800,19915
TVS,Sport,109,64,56058,2,Fair,109620,22234
BMW,G 310 R,313,53,63837,2,Fair,406340,98445
BMW,G 310 R,313,23,12444,3,Good,406340,227693
Yamaha,FZ-FI,149,35,38679,3,Good,141820,60587
KTM,RC 200,199,46,36438,3,Good,245820,81469
Yamaha,FZ-FI,149,38,47083,3,Good,141820,55903
Honda,Hornet 2.0,184,64,45059,2,Fair,138120,28632
Suzuki,V-Strom SX,249,85,81918,1,Fair,149820,30654
Royal Enfield,Classic 350,349,63,69224,1,Good,242820,58029
Hero,Passion Pro,110,50,61648,1,Good,99800,32296
Triumph,Speed 400,398,35,34195,1,Fair,311640,135700
Suzuki,V-Strom SX,249,30,21134,2,Good,149820,78899
Hero,HF Deluxe,97,43,26760,1,Fair,97460,35918
Yamaha,R15 V4,155,19,21511,3,Excellent,142900,92261
Honda,SP 125,124,90,57257,1,Poor,127320,23296
Hero,HF Deluxe,97,7,7732,2,Good,97460,75301
Triumph,Speed 400,398,45,26617,3,Fair,311640,94994
BMW,G 310 R,313,79,91220,2,Poor,406340,65125
Yamaha,FZ-FI,149,30,15178,1,Excellent,141820,88285
Royal Enfield,Himalayan,452,28,14822,2,Excellent,261360,158778
Bajaj,Pulsar 125,125,6,5414,1,Excellent,122500,112572
Royal Enfield,Meteor 350,349,62,73169,1,Fair,242820,50601
TVS,Radeon,109,83,81017,1,Poor,109620,19101
TVS,Sport,109,17,8995,1,Excellent,109620,85844
Suzuki,Gixxer,155,3,1878,2,Excellent,132900,120021
TVS,Apache RTR 160,159,57,68171,1,Fair,118620,26307
BMW,G 310 R,313,92,58307,1,Fair,406340,87286
Bajaj,Dominar 400,373,39,37315,2,Good,167140,70952
Royal Enfield,Hunter 350,349,84,62037,2,Fair,242820,48663
Suzuki,Gixxer,155,60,69948,1,Fair,132900,27880
Yamaha,R15 V4,155,84,44972,1,Fair,142900,31519
TVS,Sport,109,7,7166,1,Good,109620,90196
Honda,Shine,123,59,47958,2,Fair,127140,26206
KTM,Duke 200,199,22,24073,1,Excellent,245820,173083
Royal Enfield,Hunter 350,349,36,20870,4,Fair,242820,82830
TVS,Sport,109,88,54909,2,Poor,109620,18943
Yamaha,MT-15,155,62,36925,1,Fair,142900,32016
KTM,390 Duke,399,49,40546,1,Fair,281820,86108
Royal Enfield,Meteor 350,349,24,19484,1,Excellent,242820,166824
Yamaha,FZ-FI,149,19,17807,1,Good,141820,96437
Bajaj,Dominar 400,373,83,67838,1,Fair,167140,35215
Honda,Shine,123,45,54612,3,Good,127140,41750
Suzuki,Gixxer,155,81,47022,2,Fair,132900,27444
Bajaj,Pulsar NS200,199,1,1000,2,Good,135820,114579
Bajaj,Pulsar 125,125,38,24587,2,Fair,122500,47895
TVS,Apache RTR 160,159,40,49163,2,Good,118620,48093
TVS,Apache RTR 160,159,25,23328,2,Fair,118620,59819
TVS,Apache RTR 200 4V,197,67,70652,2,Good,125460,28101
Royal Enfield,Himalayan,452,63,31833,1,Fair,261360,59132
Hero,Passion Pro,110,12,14205,1,Good,99800,75752
KTM,390 Duke,399,58,47206,1,Fair,281820,62714
Bajaj,Pulsar 125,125,24,27220,2,Excellent,122500,77969
Bajaj,Pulsar 150,149,50,59064,4,Fair,126820,28288
Bajaj,Pulsar NS200,199,54,57935,4,Good,135820,30395
Bajaj,Dominar 400,373,76,80099,1,Fair,167140,34330
Hero,Splendor Plus,97,62,33249,1,Fair,97460,21990
KTM,Duke 200,199,52,46058,3,Good,245820,67108
Royal Enfield,Himalayan,452,82,93517,3,Fair,261360,45385
Yamaha,MT-15,155,74,80031,1,Poor,142900,24952
Triumph,Speed 400,398,81,72793,1,Fair,311640,64993
Yamaha,R15 V4,155,75,67887,1,Fair,142900,30105
Yamaha,MT-15,155,25,27473,2,Good,142900,81334
Bajaj,Pulsar 125,125,47,53049,3,Good,122500,38247
Royal Enfield,Hunter 350,349,8,5701,1,Excellent,242820,217256
KTM,390 Duke,399,31,25271,4,Fair,281820,105413
Hero,Passion Pro,110,60,68620,4,Fair,99800,16374
Royal Enfield,Himalayan,452,23,22306,1,Excellent,261360,181627
Honda,SP 125,124,11,11161,2,Excellent,127320,101795
TVS,Sport,109,40,27526,1,Fair,109620,43342
Honda,Hornet 2.0,184,92,50332,3,Poor,138120,22292
Bajaj,Pulsar NS200,199,62,42758,4,Good,135820,26695
KTM,Duke 200,199,7,3552,1,Excellent,245820,223731
KTM,Duke 250,249,78,87466,1,Fair,254820,51528
TVS,Sport,109,37,19067,1,Good,109620,53559
Hero,Splendor Plus,97,85,104924,1,Poor,97460,16126
Suzuki,V-Strom SX,249,46,37583,3,Good,149820,49543
Bajaj,Pulsar 150,149,52,51240,1,Good,126820,39390
Suzuki,Gixxer,155,40,25791,3,Good,132900,52172
TVS,Sport,109,60,33873,1,Fair,109620,24704
Yamaha,MT-15,155,3,1768,2,Excellent,142900,129078
Honda,Shine,123,91,70532,2,Fair,127140,25041
Yamaha,R15 V4,155,46,27000,1,Good,142900,55426
TVS,Apache RTR 160,159,5,3675,1,Good,118620,100796
KTM,RC 200,199,11,10555,2,Excellent,245820,196758
Honda,SP 125,124,58,48977,1,Fair,127320,28234
TVS,Apache RTR 160,159,31,36394,1,Fair,118620,55690
TVS,Sport,109,63,32814,1,Good,109620,28158
Royal Enfield,Classic 350,349,55,50577,3,Fair,242820,52229
KTM,390 Duke,399,36,43591,1,Fair,281820,118011
Yamaha,R15 V4,155,35,34876,1,Good,142900,70687
Yamaha,R15 V4,155,19,15140,1,Good,142900,97654
Honda,Hornet 2.0,184,95,85788,1,Fair,138120,28030
KTM,390 Duke,399,39,41789,2,Fair,281820,104265
BMW,G 310 R,313,8,4172,1,Good,406340,331761
Yamaha,MT-15,155,21,20532,1,Excellent,142900,102938
TVS,Radeon,109,10,8444,4,Excellent,109620,74099
TVS,Apache RTR 200 4V,197,31,22142,1,Fair,125460,60518
Yamaha,FZ-FI,149,25,20087,1,Good,141820,87072
KTM,Duke 250,249,60,32045,1,Good,254820,65553
Yamaha,FZ-FI,149,66,58227,2,Fair,141820,28641
Honda,Hornet 2.0,184,92,82592,1,Fair,138120,28220
Royal Enfield,Himalayan,452,90,57182,1,Fair,261360,56270
BMW,G 310 R,313,48,26915,2,Fair,406340,123283
Bajaj,Dominar 400,373,5,5393,1,Good,167140,141583
Hero,HF Deluxe,97,40,35809,1,Fair,97460,37930
KTM,390 Duke,399,62,54232,2,Good,281820,65260
Yamaha,MT-15,155,95,117022,1,Poor,142900,23011
TVS,Apache RTR 200 4V,197,39,25011,1,Good,125460,58003
Suzuki,V-Strom SX,249,57,65880,3,Fair,149820,29043
Honda,Shine,123,93,64848,2,Fair,127140,25334
Yamaha,R15 V4,155,38,33878,1,Fair,142900,58397
Honda,Hornet 2.0,184,63,55802,1,Fair,138120,29819
Suzuki,Gixxer,155,64,61989,1,Good,132900,32233
Bajaj,Pulsar NS200,199,75,39434,1,Poor,135820,25740
Honda,Shine,123,85,103232,4,Fair,127140,19378
Royal Enfield,Himalayan,452,53,57896,2,Fair,261360,64086
KTM,390 Duke,399,81,94525,1,Fair,281820,56128
Royal Enfield,Classic 350,349,78,57503,1,Fair,242820,52244
Honda,Hornet 2.0,184,38,45101,1,Fair,138120,55230
Honda,SP 125,124,83,94841,2,Poor,127320,20246
Suzuki,V-Strom SX,249,89,56874,2,Fair,149820,30339
Royal Enfield,Hunter 350,349,57,41188,2,Fair,242820,53423
TVS,Apache RTR 160,159,81,95461,1,Fair,118620,23577
Bajaj,Pulsar 125,125,60,73044,1,Good,122500,29045
Bajaj,Pulsar 125,125,13,14361,1,Excellent,122500,100717
Hero,Passion Pro,110,6,4083,3,Excellent,99800,79982
KTM,390 Duke,399,31,25643,1,Good,281820,153620
KTM,390 Duke,399,23,24471,1,Excellent,281820,195050
Bajaj,Pulsar 150,149,89,66224,2,Poor,126820,21420
Royal Enfield,Himalayan,452,67,63649,1,Good,261360,63176
TVS,Sport,109,34,41611,1,Good,109620,54631
Royal Enfield,Classic 350,349,11,12811,4,Excellent,242820,160607
Royal Enfield,Meteor 350,349,78,45132,2,Fair,242820,50329
Honda,Shine,123,34,38023,2,Excellent,127140,65908
TVS,Sport,109,58,31772,1,Good,109620,28590
Suzuki,V-Strom SX,249,21,13994,2,Excellent,149820,102687
TVS,Sport,109,43,50829,2,Good,109620,41231
Honda,SP 125,124,81,76122,1,Poor,127320,22414
Royal Enfield,Himalayan,452,67,37022,2,Fair,261360,55033
Bajaj,Pulsar 125,125,4,4024,1,Excellent,122500,115775
Hero,Splendor Plus,97,70,87228,1,Good,97460,22429
Bajaj,Pulsar 150,149,62,64823,2,Fair,126820,25272
Honda,Shine,123,46,54170,1,Good,127140,46778
TVS,Sport,109,87,67935,3,Fair,109620,20089
TVS,Apache RTR 160,159,31,32046,1,Good,118620,63878
Bajaj,Pulsar NS200,199,45,39109,1,Good,135820,52851
TVS,Apache RTR 200 4V,197,39,19702,1,Fair,125460,51502
Hero,Passion Pro,110,40,40902,1,Fair,99800,38460
Honda,SP 125,124,23,23002,1,Excellent,127320,88363
Bajaj,Pulsar 125,125,54,62934,2,Fair,122500,28752
Hero,Splendor Plus,97,69,37355,2,Fair,97460,20508
Bajaj,Pulsar 150,149,40,39294,3,Excellent,126820,53315
Hero,Splendor Plus,97,74,84152,1,Fair,97460,19847
Royal Enfield,Hunter 350,349,73,72022,2,Poor,242820,40526
Yamaha,MT-15,155,48,32371,4,Fair,142900,35604
Royal Enfield,Classic 350,349,89,72984,1,Fair,242820,50620
Hero,HF Deluxe,97,62,50967,1,Fair,97460,21244
Hero,HF Deluxe,97,73,46158,1,Fair,97460,21447
Bajaj,Pulsar 150,149,13,13780,2,Good,126820,89287
Bajaj,Dominar 400,373,94,78547,1,Poor,167140,29275
KTM,RC 200,199,60,60969,1,Fair,245820,52522
Royal Enfield,Meteor 350,349,3,2791,1,Excellent,242820,232902
Hero,Passion Pro,110,81,47133,2,Fair,99800,20604
Hero,Passion Pro,110,68,65674,2,Good,99800,22583
TVS,Radeon,109,40,25965,1,Good,109620,49447
Royal Enfield,Himalayan,452,92,95604,2,Fair,261360,48816
Suzuki,Gixxer,155,68,50502,1,Good,132900,32983
Honda,SP 125,124,83,80426,2,Fair,127320,24565
TVS,Sport,109,44,43670,1,Excellent,109620,47673
Hero,Passion Pro,110,63,52175,1,Fair,99800,21702
Bajaj,Dominar 400,373,62,53400,2,Good,167140,38768
Royal Enfield,Hunter 350,349,36,23528,1,Excellent,242820,132080
Royal Enfield,Classic 350,349,80,72159,1,Poor,242820,43101
KTM,RC 200,199,69,61483,1,Good,245820,59681
KTM,Duke 250,249,66,35148,1,Good,254820,65164
Royal Enfield,Hunter 350,349,24,27141,1,Excellent,242820,164441
KTM,Duke 250,249,13,9533,1,Good,254820,192353
TVS,Sport,109,83,76610,4,Fair,109620,17691
Honda,Shine,123,20,22607,1,Excellent,127140,92694
Bajaj,Pulsar NS200,199,58,50579,1,Good,135820,34152
Bajaj,Pulsar 125,125,36,34478,3,Fair,122500,45422
Yamaha,R15 V4,155,41,46284,1,Excellent,142900,66545
Hero,Splendor Plus,97,38,31887,1,Fair,97460,39980
Honda,Shine,123,28,33501,1,Good,127140,72190
Bajaj,Pulsar NS200,199,93,73688,2,Poor,135820,22590
KTM,Duke 200,199,42,50218,1,Fair,245820,88724
TVS,Sport,109,9,6497,1,Good,109620,87940
Suzuki,Gixxer,155,21,11962,3,Excellent,132900,84623
Hero,Passion Pro,110,27,28749,3,Excellent,99800,55657
Honda,Hornet 2.0,184,65,70161,2,Fair,138120,27224
Suzuki,V-Strom SX,249,13,12806,1,Excellent,149820,123533
KTM,RC 200,199,93,97490,2,Fair,245820,45725
KTM,RC 200,199,68,70537,2,Fair,245820,48415
Honda,SP 125,124,80,50734,2,Fair,127320,26100
Yamaha,MT-15,155,48,45246,1,Good,142900,50646
Bajaj,Pulsar NS200,199,86,46370,1,Fair,135820,29876
Hero,HF Deluxe,97,60,30210,1,Fair,97460,22118
Hero,HF Deluxe,97,82,91798,2,Fair,97460,18353
Royal Enfield,Classic 350,349,61,34362,1,Good,242820,62189
KTM,390 Duke,399,27,24037,1,Good,281820,165863
KTM,Duke 250,249,14,10799,2,Excellent,254820,195415
KTM,Duke 250,249,41,32822,1,Good,254820,110838
KTM,390 Duke,399,24,13406,1,Excellent,281820,195813
KTM,Duke 250,249,28,16928,1,Good,254820,149280
Royal Enfield,Meteor 350,349,93,111063,3,Fair,242820,40565
TVS,Sport,109,33,17018,1,Good,109620,58405
Royal Enfield,Meteor 350,349,62,56184,2,Fair,242820,49240
Bajaj,Pulsar NS200,199,26,19056,1,Excellent,135820,90238
Yamaha,FZ-FI,149,9,7163,2,Excellent,141820,117380
TVS,Apache RTR 200 4V,197,47,47895,3,Good,125460,39572
Bajaj,Pulsar NS200,199,42,50494,1,Excellent,135820,61243
TVS,Sport,109,63,74820,2,Good,109620,24342
KTM,390 Duke,399,44,22202,2,Good,281820,109237
KTM,Duke 200,199,38,42877,1,Fair,245820,98724
Honda,Shine,123,55,53640,2,Good,127140,33406
Honda,Shine,123,13,13978,1,Excellent,127140,104606
Triumph,Speed 400,398,5,4718,1,Good,311640,264312
Yamaha,MT-15,155,45,33629,1,Excellent,142900,61754
Triumph,Speed 400,398,58,69320,1,Fair,311640,66333
KTM,RC 200,199,82,101946,2,Fair,245820,45280
TVS,Apache RTR 200 4V,197,86,54561,3,Fair,125460,23623
Triumph,Speed 400,398,73,79640,1,Poor,311640,54461
Royal Enfield,Meteor 350,349,22,24080,1,Good,242820,155582
KTM,Duke 200,199,33,32273,3,Fair,245820,97335
Hero,Passion Pro,110,88,100285,2,Fair,99800,18450
KTM,Duke 250,249,82,52397,2,Fair,254820,52065
Bajaj,Pulsar NS200,199,77,80816,1,Poor,135820,23676
TVS,Apache RTR 200 4V,197,29,21624,1,Good,125460,71540
TVS,Radeon,109,83,85715,2,Fair,109620,20914
TVS,Apache RTR 200 4V,197,24,27046,3,Good,125460,67277
Royal Enfield,Meteor 350,349,33,23651,1,Good,242820,127781
Honda,Hornet 2.0,184,49,57563,1,Fair,138120,40807
Royal Enfield,Meteor 350,349,13,11074,3,Excellent,242820,174743
Honda,SP 125,124,3,3430,1,Good,127320,111000
Royal Enfield,Himalayan,452,85,81258,1,Poor,261360,45518
Honda,Hornet 2.0,184,55,42199,1,Fair,138120,34714
KTM,Duke 200,199,59,33414,1,Good,245820,63072
Royal Enfield,Meteor 350,349,76,58278,2,Fair,242820,49033
Suzuki,V-Strom SX,249,57,54576,2,Good,149820,36518
Honda,SP 125,124,12,13472,2,Excellent,127320,99962
TVS,Radeon,109,28,26526,2,Excellent,109620,65153
Honda,SP 125,124,47,25292,2,Excellent,127320,49805
Royal Enfield,Meteor 350,349,78,64294,1,Fair,242820,51532
KTM,Duke 250,249,94,82258,3,Fair,254820,45328
Hero,Passion Pro,110,61,71080,2,Fair,99800,19634
Suzuki,Gixxer,155,73,86659,1,Fair,132900,26920
KTM,390 Duke,399,24,20402,1,Excellent,281820,193287
KTM,RC 200,199,2,1205,1,Excellent,245820,239399
Triumph,Speed 400,398,93,61041,2,Fair,311640,62581
Honda,Hornet 2.0,184,34,30692,1,Fair,138120,61799
KTM,Duke 250,249,36,26393,3,Fair,254820,95951
TVS,Sport,109,22,24597,1,Excellent,109620,77108
Honda,SP 125,124,47,36969,1,Good,127320,47153
Yamaha,FZ-FI,149,16,14965,1,Excellent,141820,111503
Royal Enfield,Meteor 350,349,22,27216,1,Good,242820,154664
TVS,Radeon,109,91,51941,1,Poor,109620,20271
Yamaha,R15 V4,155,70,41749,2,Fair,142900,29815
TVS,Apache RTR 160,159,83,77024,1,Fair,118620,24521
Bajaj,Pulsar 125,125,84,88573,2,Fair,122500,23229
TVS,Apache RTR 160,159,75,74673,3,Poor,118620,18222
Royal Enfield,Himalayan,452,49,59061,1,Good,261360,87571
Triumph,Speed 400,398,18,15229,2,Excellent,311640,223370
BMW,G 310 R,313,54,55271,1,Good,406340,117209
Hero,HF Deluxe,97,31,25165,4,Good,97460,41475
Hero,Splendor Plus,97,49,48599,1,Fair,97460,29312
Royal Enfield,Meteor 350,349,31,37869,3,Fair,242820,98899
KTM,Duke 200,199,47,44427,3,Good,245820,78066
KTM,390 Duke,399,15,11798,2,Excellent,281820,212613
Yamaha,MT-15,155,10,10396,1,Excellent,142900,123398
Honda,Shine,123,57,57168,2,Good,127140,30830
Honda,Hornet 2.0,184,6,6224,2,Good,138120,108412
Honda,Hornet 2.0,184,4,4646,3,Excellent,138120,113439
Yamaha,FZ-FI,149,22,20570,2,Excellent,141820,94483
Royal Enfield,Classic 350,349,24,21046,1,Excellent,242820,166338
TVS,Apache RTR 160,159,32,38905,1,Fair,118620,54362
Hero,Passion Pro,110,33,40654,1,Excellent,99800,55868
Bajaj,Dominar 400,373,86,58070,1,Fair,167140,35920
Honda,SP 125,124,85,102150,1,Fair,127320,24938
BMW,G 310 R,313,28,32707,2,Excellent,406340,238689
Royal Enfield,Hunter 350,349,17,18397,1,Good,242820,170064
BMW,G 310 R,313,44,53840,2,Good,406340,148159
Hero,HF Deluxe,97,71,68758,1,Fair,97460,20495
TVS,Radeon,109,79,43356,1,Fair,109620,24255
KTM,RC 200,199,59,44213,1,Fair,245820,54301
Royal Enfield,Himalayan,452,17,15531,2,Excellent,261360,190092
